idx,class
0,3
1,6
2,5
3,4
4,8
5,9
6,1
7,7
8,9
9,6
10,8
11,0
12,5
13,0
14,9
15,6
16,2
17,0
18,5
19,2
20,6
21,3
22,7
23,0
24,9
25,0
26,3
27,2
28,3
29,1
30,3
31,1
32,3
33,7
34,1
35,7
36,4
37,0
38,5
39,1
40,5
41,9
42,9
43,4
44,0
45,9
46,8
47,8
48,6
49,8
50,6
51,3
52,1
53,2
54,5
55,2
56,5
57,6
58,7
59,4
60,3
61,5
62,6
63,4
64,6
65,2
66,4
67,2
68,7
69,9
70,7
71,7
72,2
73,9
74,7
75,4
76,9
77,0
78,9
79,2
80,9
81,1
82,2
83,9
84,1
85,5
86,7
87,4
88,7
89,7
90,1
91,4
92,0
93,5
94,4
95,9
96,2
97,9
98,1
99,3
100,5
101,9
102,3
103,0
104,4
105,4
106,0
107,6
108,8
109,4
110,8
111,1
112,8
113,9
114,8
115,2
116,0
117,2
118,2
119,3
120,2
121,9
122,7
123,4
124,8
125,1
126,9
127,2
128,7
129,4
130,3
131,2
132,5
133,5
134,1
135,0
136,8
137,4
138,0
139,0
140,1
141,0
142,3
143,9
144,1
145,9
146,3
147,7
148,9
149,3
150,4
151,4
152,1
153,1
154,6
155,2
156,9
157,8
158,7
159,8
160,0
161,8
162,7
163,9
164,5
165,6
166,3
167,9
168,4
169,7
170,7
171,1
172,7
173,2
174,5
175,2
176,7
177,2
178,6
179,8
180,6
181,1
182,9
183,3
184,3
185,4
186,9
187,7
188,2
189,8
190,1
191,9
192,4
193,3
194,1
195,0
196,7
197,8
198,0
199,9
200,3
201,9
202,3
203,9
204,0
205,5
206,9
207,2
208,3
209,1
210,7
211,1
212,4
213,7
214,3
215,8
216,4
217,5
218,3
219,8
220,8
221,8
222,1
223,3
224,6
225,8
226,9
227,1
228,5
229,8
230,4
231,1
232,1
233,1
234,2
235,3
236,4
237,2
238,1
239,9
240,4
241,0
242,0
243,2
244,1
245,2
246,5
247,9
248,8
249,8
250,7
251,5
252,7
253,0
254,0
255,6
256,6
257,1
258,9
259,4
260,6
261,7
262,2
263,0
264,7
265,0
266,2
267,8
268,4
269,8
270,3
271,2
272,4
273,7
274,7
275,0
276,1
277,1
278,0
279,0
280,0
281,1
282,1
283,9
284,4
285,9
286,9
287,5
288,2
289,4
290,1
291,0
292,3
293,5
294,2
295,3
296,3
297,5
298,4
299,5
300,4
301,0
302,5
303,6
304,7
305,3
306,1
307,5
308,4
309,5
310,9
311,1
312,7
313,6
314,3
315,3
316,0
317,0
318,2
319,3
320,1
321,6
322,1
323,3
324,5
325,6
326,9
327,2
328,6
329,6
330,9
331,7
332,8
333,9
334,1
335,3
336,6
337,6
338,2
339,2
340,4
341,9
342,3
343,8
344,7
345,5
346,1
347,3
348,1
349,3
350,0
351,2
352,0
353,3
354,5
355,2
356,6
357,6
358,6
359,4
360,1
361,0
362,7
363,4
364,1
365,8
366,5
367,9
368,6
369,2
370,8
371,7
372,9
373,7
374,7
375,3
376,6
377,5
378,6
379,8
380,6
381,5
382,9
383,1
384,9
385,2
386,1
387,9
388,1
389,5
390,0
391,2
392,3
393,8
394,8
395,1
396,3
397,7
398,3
399,5
400,1
401,5
402,6
403,9
404,5
405,0
406,1
407,3
408,5
409,8
410,9
411,9
412,7
413,8
414,8
415,9
416,4
417,4
418,1
419,5
420,4
421,6
422,8
423,7
424,9
425,4
426,1
427,7
428,7
429,0
430,4
431,6
432,1
433,9
434,1
435,1
436,9
437,0
438,8
439,1
440,3
441,7
442,2
443,8
444,3
445,2
446,2
447,3
448,4
449,1
450,6
451,3
452,5
453,2
454,4
455,2
456,1
457,3
458,9
459,7
460,9
461,7
462,2
463,5
464,7
465,5
466,8
467,5
468,0
469,4
470,0
471,9
472,3
473,1
474,0
475,0
476,6
477,4
478,3
479,4
480,1
481,8
482,6
483,8
484,7
485,1
486,5
487,7
488,9
489,1
490,5
491,6
492,5
493,1
494,6
495,0
496,9
497,2
498,2
499,1
500,4
501,9
502,9
503,6
504,6
505,2
506,4
507,1
508,5
509,5
510,5
511,5
512,8
513,6
514,7
515,2
516,3
517,9
518,7
519,2
520,1
521,1
522,9
523,6
524,5
525,9
526,2
527,1
528,3
529,8
530,3
531,8
532,7
533,3
534,8
535,0
536,5
537,0
538,9
539,9
540,7
541,4
542,5
543,6
544,3
545,8
546,1
547,7
548,4
549,1
550,9
551,2
552,4
553,3
554,3
555,9
556,4
557,2
558,6
559,0
560,5
561,4
562,6
563,6
564,6
565,3
566,8
567,8
568,8
569,5
570,7
571,9
572,9
573,0
574,7
575,8
576,4
577,6
578,5
579,7
580,5
581,9
582,2
583,6
584,3
585,0
586,8
587,1
588,6
589,0
590,3
591,7
592,5
593,0
594,8
595,9
596,8
597,5
598,1
599,9
600,4
601,6
602,2
603,6
604,3
605,3
606,7
607,3
608,2
609,8
610,5
611,2
612,4
613,8
614,0
615,5
616,2
617,3
618,7
619,2
620,6
621,1
622,2
623,4
624,7
625,2
626,3
627,5
628,8
629,4
630,3
631,5
632,8
633,0
634,5
635,3
636,5
637,3
638,5
639,6
640,1
641,1
642,3
643,1
644,7
645,3
646,4
647,1
648,7
649,0
650,9
651,8
652,5
653,9
654,3
655,8
656,2
657,3
658,0
659,9
660,0
661,4
662,3
663,4
664,5
665,0
666,2
667,7
668,2
669,8
670,5
671,3
672,5
673,0
674,5
675,9
676,0
677,6
678,7
679,2
680,6
681,6
682,2
683,2
684,0
685,1
686,1
687,3
688,8
689,3
690,3
691,2
692,5
693,9
694,5
695,4
696,6
697,9
698,5
699,9
700,2
701,5
702,5
703,6
704,5
705,7
706,3
707,0
708,2
709,3
710,1
711,9
712,9
713,8
714,8
715,0
716,8
717,6
718,6
719,1
720,4
721,3
722,5
723,5
724,4
725,9
726,3
727,8
728,2
729,3
730,0
731,6
732,2
733,8
734,3
735,3
736,8
737,2
738,6
739,2
740,0
741,3
742,0
743,3
744,9
745,0
746,4
747,2
748,7
749,1
750,2
751,2
752,2
753,1
754,5
755,9
756,5
757,3
758,7
759,1
760,0
761,1
762,1
763,8
764,3
765,5
766,4
767,4
768,2
769,4
770,5
771,6
772,4
773,2
774,6
775,1
776,7
777,6
778,2
779,3
780,9
781,4
782,1
783,4
784,1
785,0
786,7
787,3
788,4
789,5
790,0
791,8
792,2
793,2
794,5
795,4
796,9
797,5
798,3
799,3
800,4
801,6
802,8
803,4
804,2
805,2
806,0
807,6
808,2
809,8
810,9
811,2
812,4
813,3
814,4
815,4
816,0
817,8
818,3
819,4
820,2
821,9
822,2
823,8
824,4
825,0
826,0
827,6
828,6
829,7
830,6
831,7
832,9
833,3
834,9
835,7
836,8
837,2
838,9
839,1
840,0
841,6
842,3
843,8
844,4
845,9
846,9
847,6
848,7
849,9
850,2
851,3
852,6
853,4
854,5
855,8
856,5
857,9
858,9
859,7
860,1
861,0
862,6
863,3
864,3
865,4
866,1
867,8
868,2
869,8
870,0
871,3
872,9
873,0
874,6
875,6
876,7
877,7
878,9
879,2
880,2
881,1
882,0
883,9
884,5
885,0
886,9
887,7
888,5
889,3
890,8
891,2
892,6
893,4
894,5
895,6
896,1
897,9
898,6
899,3
900,7
901,0
902,4
903,9
904,4
905,4
906,5
907,1
908,0
909,9
910,7
911,0
912,5
913,3
914,8
915,9
916,1
917,7
918,0
919,9
920,6
921,8
922,2
923,1
924,7
925,5
926,4
927,0
928,1
929,1
930,7
931,8
932,2
933,7
934,6
935,9
936,9
937,2
938,1
939,1
940,8
941,9
942,0
943,7
944,2
945,4
946,2
947,9
948,8
949,1
950,0
951,1
952,4
953,4
954,9
955,9
956,0
957,1
958,9
959,9
960,3
961,1
962,7
963,2
964,8
965,4
966,7
967,4
968,3
969,2
970,8
971,4
972,7
973,7
974,0
975,1
976,4
977,6
978,5
979,5
980,0
981,5
982,2
983,0
984,8
985,3
986,5
987,7
988,8
989,4
990,7
991,6
992,7
993,7
994,2
995,7
996,6
997,0
998,2
999,6
1000,5
1001,7
1002,0
1003,2
1004,3
1005,4
1006,8
1007,4
1008,3
1009,1
1010,8
1011,9
1012,1
1013,7
1014,2
1015,8
1016,5
1017,9
1018,3
1019,0
1020,0
1021,2
1022,3
1023,1
1024,6
1025,8
1026,7
1027,0
1028,1
1029,9
1030,7
1031,0
1032,1
1033,4
1034,8
1035,1
1036,9
1037,0
1038,2
1039,6
1040,2
1041,5
1042,6
1043,3
1044,5
1045,0
1046,0
1047,2
1048,1
1049,1
1050,1
1051,3
1052,8
1053,2
1054,2
1055,5
1056,4
1057,9
1058,4
1059,1
1060,3
1061,8
1062,4
1063,4
1064,0
1065,4
1066,5
1067,6
1068,9
1069,4
1070,5
1071,6
1072,6
1073,6
1074,7
1075,1
1076,1
1077,0
1078,5
1079,9
1080,2
1081,1
1082,3
1083,1
1084,5
1085,0
1086,3
1087,2
1088,0
1089,5
1090,4
1091,8
1092,3
1093,0
1094,7
1095,9
1096,6
1097,3
1098,4
1099,3
1100,7
1101,0
1102,9
1103,7
1104,3
1105,7
1106,6
1107,0
1108,4
1109,4
1110,3
1111,2
1112,7
1113,0
1114,0
1115,0
1116,4
1117,2
1118,3
1119,7
1120,9
1121,6
1122,9
1123,1
1124,3
1125,2
1126,6
1127,2
1128,1
1129,6
1130,7
1131,0
1132,3
1133,3
1134,6
1135,8
1136,0
1137,8
1138,9
1139,2
1140,9
1141,7
1142,6
1143,5
1144,8
1145,2
1146,6
1147,0
1148,6
1149,9
1150,5
1151,4
1152,0
1153,1
1154,8
1155,8
1156,6
1157,9
1158,5
1159,5
1160,1
1161,8
1162,5
1163,9
1164,4
1165,8
1166,4
1167,4
1168,7
1169,1
1170,9
1171,0
1172,1
1173,6
1174,8
1175,3
1176,1
1177,3
1178,6
1179,3
1180,5
1181,0
1182,3
1183,5
1184,1
1185,3
1186,8
1187,0
1188,7
1189,3
1190,3
1191,2
1192,4
1193,8
1194,8
1195,0
1196,7
1197,8
1198,0
1199,8
1200,6
1201,4
1202,2
1203,3
1204,0
1205,3
1206,1
1207,1
1208,6
1209,7
1210,8
1211,4
1212,9
1213,0
1214,4
1215,0
1216,9
1217,9
1218,8
1219,7
1220,1
1221,9
1222,6
1223,7
1224,7
1225,5
1226,7
1227,8
1228,1
1229,1
1230,9
1231,3
1232,9
1233,3
1234,3
1235,5
1236,8
1237,7
1238,3
1239,9
1240,0
1241,3
1242,9
1243,7
1244,0
1245,1
1246,3
1247,8
1248,0
1249,3
1250,5
1251,7
1252,1
1253,4
1254,5
1255,0
1256,1
1257,7
1258,9
1259,7
1260,3
1261,3
1262,9
1263,1
1264,7
1265,1
1266,5
1267,6
1268,8
1269,4
1270,9
1271,2
1272,0
1273,6
1274,1
1275,7
1276,0
1277,5
1278,4
1279,7
1280,7
1281,4
1282,8
1283,0
1284,7
1285,7
1286,6
1287,2
1288,2
1289,3
1290,2
1291,3
1292,5
1293,7
1294,2
1295,3
1296,7
1297,5
1298,7
1299,8
1300,9
1301,9
1302,7
1303,4
1304,9
1305,7
1306,8
1307,0
1308,2
1309,1
1310,7
1311,6
1312,5
1313,1
1314,8
1315,8
1316,1
1317,8
1318,6
1319,3
1320,5
1321,6
1322,0
1323,1
1324,2
1325,6
1326,5
1327,5
1328,5
1329,6
1330,0
1331,0
1332,6
1333,2
1334,0
1335,5
1336,2
1337,3
1338,7
1339,6
1340,6
1341,3
1342,3
1343,4
1344,4
1345,0
1346,7
1347,3
1348,3
1349,4
1350,6
1351,1
1352,9
1353,4
1354,6
1355,8
1356,7
1357,9
1358,3
1359,0
1360,4
1361,0
1362,9
1363,8
1364,8
1365,4
1366,8
1367,6
1368,9
1369,5
1370,1
1371,6
1372,2
1373,9
1374,5
1375,5
1376,9
1377,8
1378,2
1379,4
1380,2
1381,3
1382,1
1383,5
1384,1
1385,7
1386,5
1387,4
1388,7
1389,6
1390,7
1391,6
1392,5
1393,8
1394,3
1395,3
1396,8
1397,0
1398,8
1399,1
1400,0
1401,8
1402,6
1403,9
1404,6
1405,1
1406,9
1407,5
1408,3
1409,8
1410,6
1411,0
1412,4
1413,1
1414,8
1415,9
1416,9
1417,3
1418,0
1419,5
1420,7
1421,4
1422,5
1423,3
1424,6
1425,0
1426,2
1427,0
1428,4
1429,1
1430,3
1431,0
1432,7
1433,4
1434,0
1435,8
1436,8
1437,3
1438,6
1439,0
1440,1
1441,7
1442,5
1443,3
1444,5
1445,1
1446,3
1447,5
1448,7
1449,4
1450,9
1451,6
1452,6
1453,2
1454,1
1455,5
1456,2
1457,4
1458,3
1459,3
1460,7
1461,3
1462,1
1463,4
1464,4
1465,5
1466,9
1467,7
1468,9
1469,2
1470,2
1471,7
1472,9
1473,5
1474,0
1475,2
1476,7
1477,8
1478,8
1479,5
1480,4
1481,8
1482,1
1483,4
1484,5
1485,9
1486,9
1487,9
1488,4
1489,7
1490,4
1491,9
1492,3
1493,9
1494,4
1495,1
1496,7
1497,6
1498,4
1499,5
1500,9
1501,1
1502,9
1503,6
1504,4
1505,6
1506,0
1507,9
1508,1
1509,3
1510,7
1511,7
1512,9
1513,4
1514,3
1515,8
1516,8
1517,8
1518,9
1519,5
1520,5
1521,3
1522,7
1523,6
1524,5
1525,1
1526,0
1527,9
1528,4
1529,3
1530,9
1531,3
1532,3
1533,4
1534,0
1535,6
1536,8
1537,2
1538,0
1539,7
1540,6
1541,8
1542,7
1543,4
1544,1
1545,2
1546,7
1547,0
1548,2
1549,7
1550,7
1551,3
1552,8
1553,0
1554,6
1555,2
1556,5
1557,1
1558,9
1559,1
1560,9
1561,8
1562,2
1563,7
1564,2
1565,0
1566,4
1567,8
1568,2
1569,2
1570,3
1571,3
1572,4
1573,8
1574,1
1575,3
1576,3
1577,6
1578,9
1579,8
1580,8
1581,7
1582,0
1583,1
1584,3
1585,3
1586,7
1587,1
1588,6
1589,7
1590,2
1591,4
1592,6
1593,6
1594,5
1595,9
1596,4
1597,5
1598,3
1599,5
1600,4
1601,6
1602,7
1603,4
1604,6
1605,8
1606,0
1607,1
1608,1
1609,1
1610,2
1611,4
1612,4
1613,0
1614,7
1615,3
1616,1
1617,4
1618,0
1619,3
1620,4
1621,2
1622,3
1623,5
1624,0
1625,1
1626,6
1627,0
1628,5
1629,7
1630,0
1631,1
1632,1
1633,4
1634,1
1635,6
1636,7
1637,2
1638,4
1639,8
1640,4
1641,8
1642,7
1643,1
1644,6
1645,9
1646,3
1647,5
1648,7
1649,0
1650,0
1651,2
1652,8
1653,1
1654,3
1655,6
1656,9
1657,9
1658,0
1659,5
1660,4
1661,3
1662,3
1663,0
1664,4
1665,1
1666,0
1667,3
1668,1
1669,8
1670,5
1671,9
1672,9
1673,2
1674,6
1675,2
1676,1
1677,0
1678,3
1679,6
1680,4
1681,4
1682,5
1683,6
1684,3
1685,2
1686,0
1687,6
1688,0
1689,7
1690,3
1691,1
1692,8
1693,5
1694,6
1695,1
1696,2
1697,4
1698,1
1699,0
1700,5
1701,4
1702,0
1703,9
1704,5
1705,3
1706,5
1707,1
1708,6
1709,3
1710,8
1711,1
1712,0
1713,3
1714,7
1715,6
1716,5
1717,6
1718,2
1719,4
1720,5
1721,5
1722,3
1723,8
1724,1
1725,7
1726,4
1727,9
1728,8
1729,4
1730,9
1731,7
1732,0
1733,2
1734,5
1735,9
1736,5
1737,6
1738,4
1739,7
1740,0
1741,8
1742,7
1743,4
1744,2
1745,8
1746,3
1747,2
1748,5
1749,1
1750,9
1751,6
1752,5
1753,4
1754,7
1755,4
1756,3
1757,4
1758,5
1759,6
1760,5
1761,6
1762,9
1763,3
1764,5
1765,4
1766,6
1767,6
1768,5
1769,3
1770,2
1771,0
1772,5
1773,7
1774,4
1775,7
1776,8
1777,7
1778,8
1779,9
1780,9
1781,9
1782,2
1783,3
1784,1
1785,8
1786,5
1787,3
1788,4
1789,4
1790,0
1791,8
1792,4
1793,7
1794,8
1795,8
1796,0
1797,3
1798,7
1799,3
1800,3
1801,5
1802,8
1803,0
1804,9
1805,9
1806,6
1807,2
1808,5
1809,0
1810,8
1811,8
1812,5
1813,7
1814,6
1815,1
1816,4
1817,1
1818,4
1819,4
1820,9
1821,6
1822,5
1823,1
1824,3
1825,0
1826,1
1827,1
1828,8
1829,5
1830,6
1831,6
1832,1
1833,9
1834,3
1835,0
1836,6
1837,4
1838,1
1839,4
1840,5
1841,4
1842,7
1843,8
1844,3
1845,6
1846,8
1847,4
1848,8
1849,9
1850,3
1851,7
1852,8
1853,9
1854,7
1855,9
1856,1
1857,5
1858,1
1859,6
1860,6
1861,3
1862,7
1863,6
1864,9
1865,5
1866,1
1867,4
1868,5
1869,8
1870,5
1871,4
1872,4
1873,7
1874,3
1875,8
1876,4
1877,7
1878,5
1879,1
1880,5
1881,6
1882,0
1883,9
1884,2
1885,9
1886,9
1887,5
1888,4
1889,1
1890,1
1891,4
1892,7
1893,8
1894,4
1895,2
1896,8
1897,8
1898,1
1899,4
1900,0
1901,4
1902,5
1903,3
1904,2
1905,9
1906,5
1907,0
1908,4
1909,6
1910,9
1911,6
1912,9
1913,0
1914,2
1915,0
1916,0
1917,3
1918,1
1919,1
1920,4
1921,5
1922,9
1923,2
1924,1
1925,4
1926,4
1927,7
1928,2
1929,7
1930,1
1931,5
1932,6
1933,3
1934,3
1935,3
1936,4
1937,6
1938,6
1939,1
1940,9
1941,8
1942,4
1943,1
1944,7
1945,9
1946,2
1947,1
1948,8
1949,9
1950,7
1951,7
1952,4
1953,5
1954,0
1955,3
1956,2
1957,5
1958,4
1959,9
1960,0
1961,9
1962,2
1963,6
1964,0
1965,4
1966,8
1967,1
1968,9
1969,0
1970,6
1971,1
1972,8
1973,7
1974,3
1975,4
1976,2
1977,5
1978,8
1979,9
1980,0
1981,0
1982,6
1983,1
1984,6
1985,3
1986,4
1987,4
1988,7
1989,1
1990,2
1991,1
1992,1
1993,8
1994,0
1995,1
1996,3
1997,7
1998,4
1999,7
2000,0
2001,4
2002,1
2003,6
2004,3
2005,6
2006,2
2007,6
2008,0
2009,2
2010,1
2011,0
2012,2
2013,8
2014,0
2015,7
2016,4
2017,6
2018,0
2019,9
2020,4
2021,8
2022,0
2023,1
2024,6
2025,5
2026,5
2027,0
2028,8
2029,6
2030,0
2031,7
2032,7
2033,7
2034,8
2035,4
2036,8
2037,4
2038,6
2039,9
2040,5
2041,4
2042,1
2043,9
2044,5
2045,5
2046,8
2047,1
2048,6
2049,3
2050,7
2051,2
2052,8
2053,3
2054,8
2055,2
2056,5
2057,4
2058,5
2059,3
2060,6
2061,7
2062,7
2063,1
2064,8
2065,0
2066,9
2067,3
2068,8
2069,0
2070,5
2071,5
2072,3
2073,8
2074,4
2075,2
2076,1
2077,6
2078,1
2079,7
2080,5
2081,2
2082,3
2083,3
2084,7
2085,0
2086,6
2087,0
2088,4
2089,2
2090,0
2091,9
2092,0
2093,1
2094,7
2095,5
2096,7
2097,9
2098,3
2099,7
2100,5
2101,0
2102,2
2103,9
2104,1
2105,7
2106,5
2107,0
2108,9
2109,2
2110,2
2111,2
2112,0
2113,9
2114,8
2115,9
2116,7
2117,3
2118,2
2119,5
2120,0
2121,6
2122,9
2123,6
2124,6
2125,4
2126,1
2127,9
2128,9
2129,1
2130,1
2131,1
2132,1
2133,7
2134,0
2135,2
2136,1
2137,8
2138,1
2139,9
2140,6
2141,1
2142,1
2143,7
2144,5
2145,1
2146,1
2147,6
2148,4
2149,4
2150,5
2151,0
2152,1
2153,4
2154,5
2155,7
2156,6
2157,4
2158,7
2159,4
2160,3
2161,3
2162,5
2163,6
2164,1
2165,4
2166,5
2167,4
2168,8
2169,9
2170,8
2171,2
2172,7
2173,1
2174,8
2175,8
2176,3
2177,8
2178,7
2179,0
2180,8
2181,2
2182,9
2183,9
2184,4
2185,9
2186,0
2187,7
2188,4
2189,0
2190,5
2191,5
2192,6
2193,2
2194,9
2195,0
2196,3
2197,9
2198,5
2199,0
2200,3
2201,3
2202,9
2203,7
2204,2
2205,6
2206,8
2207,9
2208,3
2209,4
2210,8
2211,3
2212,2
2213,8
2214,9
2215,2
2216,7
2217,9
2218,9
2219,7
2220,5
2221,8
2222,7
2223,8
2224,0
2225,2
2226,0
2227,2
2228,9
2229,6
2230,5
2231,6
2232,9
2233,8
2234,1
2235,2
2236,4
2237,0
2238,2
2239,6
2240,8
2241,1
2242,5
2243,4
2244,7
2245,6
2246,4
2247,4
2248,8
2249,2
2250,6
2251,1
2252,2
2253,9
2254,1
2255,8
2256,5
2257,7
2258,6
2259,8
2260,2
2261,5
2262,6
2263,4
2264,5
2265,8
2266,5
2267,8
2268,4
2269,4
2270,0
2271,8
2272,9
2273,6
2274,1
2275,2
2276,3
2277,5
2278,0
2279,0
2280,9
2281,4
2282,8
2283,8
2284,3
2285,7
2286,6
2287,7
2288,4
2289,2
2290,5
2291,3
2292,4
2293,1
2294,5
2295,6
2296,2
2297,9
2298,8
2299,5
2300,0
2301,2
2302,8
2303,1
2304,4
2305,7
2306,4
2307,0
2308,3
2309,2
2310,7
2311,4
2312,0
2313,7
2314,9
2315,9
2316,5
2317,7
2318,6
2319,0
2320,9
2321,6
2322,7
2323,4
2324,5
2325,2
2326,9
2327,3
2328,0
2329,8
2330,2
2331,7
2332,8
2333,2
2334,5
2335,3
2336,7
2337,2
2338,2
2339,9
2340,1
2341,9
2342,1
2343,9
2344,7
2345,2
2346,5
2347,1
2348,4
2349,9
2350,6
2351,2
2352,2
2353,2
2354,0
2355,5
2356,3
2357,9
2358,0
2359,2
2360,7
2361,6
2362,8
2363,0
2364,0
2365,9
2366,6
2367,5
2368,9
2369,8
2370,2
2371,8
2372,8
2373,3
2374,4
2375,2
2376,5
2377,3
2378,1
2379,7
2380,0
2381,2
2382,2
2383,0
2384,1
2385,5
2386,7
2387,5
2388,7
2389,6
2390,7
2391,5
2392,2
2393,8
2394,5
2395,5
2396,0
2397,6
2398,2
2399,1
2400,7
2401,1
2402,1
2403,0
2404,7
2405,1
2406,7
2407,1
2408,2
2409,9
2410,0
2411,4
2412,8
2413,7
2414,4
2415,4
2416,3
2417,1
2418,9
2419,7
2420,4
2421,4
2422,5
2423,1
2424,8
2425,2
2426,5
2427,6
2428,9
2429,9
2430,6
2431,3
2432,4
2433,5
2434,9
2435,6
2436,8
2437,2
2438,1
2439,4
2440,5
2441,7
2442,0
2443,8
2444,0
2445,0
2446,6
2447,9
2448,6
2449,7
2450,7
2451,8
2452,1
2453,4
2454,1
2455,2
2456,1
2457,0
2458,8
2459,2
2460,8
2461,7
2462,8
2463,6
2464,4
2465,4
2466,5
2467,1
2468,8
2469,1
2470,4
2471,8
2472,2
2473,5
2474,5
2475,0
2476,6
2477,6
2478,4
2479,1
2480,0
2481,4
2482,7
2483,0
2484,0
2485,2
2486,6
2487,2
2488,6
2489,4
2490,4
2491,9
2492,7
2493,8
2494,6
2495,2
2496,0
2497,1
2498,8
2499,4
2500,8
2501,4
2502,7
2503,7
2504,4
2505,0
2506,3
2507,8
2508,7
2509,6
2510,4
2511,6
2512,2
2513,7
2514,5
2515,4
2516,5
2517,3
2518,5
2519,6
2520,7
2521,2
2522,1
2523,6
2524,4
2525,2
2526,9
2527,5
2528,8
2529,9
2530,5
2531,1
2532,9
2533,2
2534,2
2535,6
2536,8
2537,1
2538,1
2539,8
2540,1
2541,2
2542,1
2543,6
2544,3
2545,7
2546,4
2547,4
2548,9
2549,4
2550,4
2551,7
2552,2
2553,5
2554,3
2555,8
2556,9
2557,2
2558,0
2559,0
2560,8
2561,7
2562,2
2563,5
2564,6
2565,6
2566,1
2567,4
2568,9
2569,2
2570,3
2571,1
2572,0
2573,7
2574,6
2575,6
2576,0
2577,7
2578,0
2579,0
2580,0
2581,3
2582,8
2583,0
2584,2
2585,4
2586,4
2587,8
2588,0
2589,7
2590,7
2591,4
2592,8
2593,6
2594,8
2595,5
2596,4
2597,6
2598,8
2599,4
2600,1
2601,1
2602,7
2603,2
2604,7
2605,4
2606,2
2607,9
2608,7
2609,0
2610,0
2611,1
2612,0
2613,5
2614,0
2615,7
2616,1
2617,0
2618,7
2619,6
2620,7
2621,0
2622,7
2623,6
2624,2
2625,6
2626,6
2627,7
2628,8
2629,7
2630,5
2631,6
2632,1
2633,8
2634,9
2635,2
2636,1
2637,9
2638,7
2639,3
2640,6
2641,0
2642,8
2643,5
2644,9
2645,0
2646,3
2647,1
2648,0
2649,7
2650,7
2651,3
2652,1
2653,6
2654,6
2655,9
2656,9
2657,4
2658,6
2659,7
2660,7
2661,5
2662,8
2663,8
2664,0
2665,5
2666,7
2667,0
2668,6
2669,0
2670,6
2671,0
2672,9
2673,0
2674,9
2675,8
2676,0
2677,9
2678,0
2679,4
2680,7
2681,0
2682,9
2683,2
2684,7
2685,1
2686,4
2687,8
2688,0
2689,6
2690,6
2691,5
2692,7
2693,7
2694,5
2695,8
2696,3
2697,4
2698,9
2699,0
2700,7
2701,7
2702,3
2703,0
2704,2
2705,3
2706,6
2707,3
2708,8
2709,5
2710,2
2711,9
2712,7
2713,3
2714,7
2715,9
2716,9
2717,8
2718,3
2719,2
2720,0
2721,6
2722,8
2723,7
2724,2
2725,0
2726,7
2727,7
2728,8
2729,3
2730,8
2731,1
2732,5
2733,7
2734,7
2735,5
2736,9
2737,6
2738,2
2739,9
2740,5
2741,8
2742,1
2743,3
2744,1
2745,7
2746,6
2747,8
2748,0
2749,6
2750,5
2751,9
2752,9
2753,9
2754,5
2755,4
2756,3
2757,0
2758,4
2759,2
2760,9
2761,8
2762,3
2763,3
2764,6
2765,8
2766,7
2767,1
2768,4
2769,1
2770,8
2771,2
2772,4
2773,8
2774,3
2775,7
2776,9
2777,3
2778,9
2779,4
2780,4
2781,7
2782,0
2783,2
2784,8
2785,7
2786,4
2787,9
2788,3
2789,6
2790,7
2791,6
2792,9
2793,3
2794,3
2795,7
2796,7
2797,4
2798,6
2799,2
2800,9
2801,2
2802,8
2803,8
2804,0
2805,6
2806,3
2807,7
2808,6
2809,2
2810,0
2811,8
2812,2
2813,4
2814,6
2815,3
2816,8
2817,5
2818,7
2819,3
2820,6
2821,7
2822,9
2823,6
2824,2
2825,5
2826,5
2827,9
2828,0
2829,7
2830,2
2831,8
2832,5
2833,6
2834,7
2835,6
2836,1
2837,0
2838,5
2839,3
2840,2
2841,7
2842,1
2843,2
2844,6
2845,4
2846,7
2847,4
2848,7
2849,9
2850,2
2851,2
2852,2
2853,5
2854,0
2855,3
2856,0
2857,7
2858,8
2859,2
2860,8
2861,5
2862,9
2863,0
2864,3
2865,5
2866,0
2867,6
2868,7
2869,7
2870,9
2871,7
2872,5
2873,0
2874,5
2875,7
2876,6
2877,1
2878,1
2879,7
2880,0
2881,3
2882,0
2883,1
2884,3
2885,8
2886,5
2887,4
2888,3
2889,9
2890,1
2891,8
2892,2
2893,0
2894,7
2895,2
2896,3
2897,4
2898,5
2899,5
2900,9
2901,6
2902,2
2903,8
2904,8
2905,9
2906,5
2907,1
2908,7
2909,8
2910,3
2911,4
2912,1
2913,0
2914,3
2915,1
2916,2
2917,7
2918,3
2919,0
2920,1
2921,0
2922,1
2923,2
2924,7
2925,1
2926,5
2927,8
2928,7
2929,2
2930,2
2931,7
2932,6
2933,6
2934,7
2935,9
2936,6
2937,3
2938,6
2939,7
2940,7
2941,3
2942,7
2943,9
2944,4
2945,3
2946,4
2947,0
2948,8
2949,2
2950,6
2951,9
2952,3
2953,9
2954,3
2955,5
2956,0
2957,0
2958,8
2959,4
2960,9
2961,7
2962,8
2963,9
2964,3
2965,5
2966,8
2967,1
2968,0
2969,3
2970,7
2971,4
2972,0
2973,1
2974,5
2975,0
2976,5
2977,3
2978,7
2979,3
2980,1
2981,8
2982,1
2983,3
2984,4
2985,4
2986,6
2987,3
2988,1
2989,2
2990,3
2991,0
2992,1
2993,7
2994,7
2995,0
2996,3
2997,5
2998,1
2999,3
3000,1
3001,5
3002,9
3003,9
3004,3
3005,8
3006,2
3007,6
3008,0
3009,8
3010,1
3011,2
3012,3
3013,4
3014,6
3015,0
3016,9
3017,0
3018,6
3019,9
3020,6
3021,6
3022,9
3023,4
3024,5
3025,5
3026,8
3027,8
3028,4
3029,4
3030,0
3031,8
3032,6
3033,6
3034,4
3035,4
3036,5
3037,8
3038,2
3039,2
3040,5
3041,3
3042,5
3043,0
3044,8
3045,6
3046,6
3047,6
3048,6
3049,6
3050,8
3051,8
3052,7
3053,5
3054,0
3055,2
3056,4
3057,8
3058,6
3059,2
3060,2
3061,4
3062,2
3063,1
3064,2
3065,2
3066,8
3067,9
3068,1
3069,8
3070,3
3071,1
3072,1
3073,7
3074,5
3075,4
3076,6
3077,6
3078,9
3079,4
3080,2
3081,8
3082,8
3083,8
3084,9
3085,1
3086,1
3087,0
3088,4
3089,1
3090,2
3091,9
3092,7
3093,6
3094,6
3095,0
3096,1
3097,4
3098,0
3099,6
3100,6
3101,2
3102,5
3103,4
3104,4
3105,8
3106,1
3107,2
3108,1
3109,7
3110,6
3111,3
3112,9
3113,9
3114,8
3115,6
3116,8
3117,1
3118,0
3119,5
3120,9
3121,3
3122,7
3123,5
3124,3
3125,6
3126,8
3127,9
3128,3
3129,4
3130,7
3131,9
3132,7
3133,8
3134,0
3135,6
3136,7
3137,5
3138,7
3139,3
3140,4
3141,7
3142,9
3143,4
3144,4
3145,8
3146,8
3147,0
3148,6
3149,1
3150,0
3151,8
3152,2
3153,1
3154,6
3155,2
3156,3
3157,6
3158,3
3159,2
3160,2
3161,3
3162,4
3163,4
3164,2
3165,7
3166,3
3167,9
3168,3
3169,3
3170,7
3171,6
3172,6
3173,1
3174,8
3175,7
3176,7
3177,0
3178,3
3179,4
3180,6
3181,1
3182,4
3183,5
3184,5
3185,1
3186,2
3187,5
3188,6
3189,1
3190,0
3191,8
3192,9
3193,5
3194,0
3195,1
3196,7
3197,1
3198,5
3199,7
3200,5
3201,8
3202,2
3203,0
3204,2
3205,6
3206,2
3207,1
3208,7
3209,2
3210,0
3211,1
3212,2
3213,2
3214,3
3215,8
3216,9
3217,5
3218,7
3219,1
3220,2
3221,6
3222,1
3223,1
3224,2
3225,2
3226,3
3227,3
3228,7
3229,0
3230,1
3231,0
3232,3
3233,7
3234,7
3235,4
3236,1
3237,9
3238,4
3239,4
3240,7
3241,9
3242,3
3243,1
3244,3
3245,6
3246,3
3247,5
3248,3
3249,1
3250,1
3251,6
3252,7
3253,8
3254,3
3255,8
3256,3
3257,2
3258,6
3259,4
3260,7
3261,2
3262,8
3263,4
3264,5
3265,8
3266,1
3267,7
3268,7
3269,5
3270,4
3271,6
3272,9
3273,7
3274,3
3275,7
3276,5
3277,2
3278,0
3279,9
3280,3
3281,6
3282,9
3283,6
3284,4
3285,0
3286,9
3287,9
3288,4
3289,3
3290,3
3291,3
3292,0
3293,5
3294,1
3295,2
3296,3
3297,4
3298,8
3299,1
3300,3
3301,2
3302,4
3303,9
3304,7
3305,8
3306,9
3307,7
3308,8
3309,0
3310,1
3311,8
3312,5
3313,2
3314,2
3315,2
3316,0
3317,1
3318,1
3319,7
3320,2
3321,1
3322,3
3323,9
3324,5
3325,4
3326,2
3327,5
3328,5
3329,9
3330,6
3331,7
3332,8
3333,5
3334,3
3335,1
3336,4
3337,9
3338,9
3339,1
3340,5
3341,3
3342,2
3343,3
3344,6
3345,2
3346,2
3347,2
3348,6
3349,9
3350,5
3351,7
3352,3
3353,5
3354,8
3355,1
3356,9
3357,7
3358,6
3359,7
3360,0
3361,8
3362,3
3363,4
3364,1
3365,7
3366,1
3367,8
3368,9
3369,5
3370,7
3371,4
3372,6
3373,0
3374,8
3375,7
3376,8
3377,6
3378,9
3379,6
3380,8
3381,8
3382,5
3383,8
3384,2
3385,4
3386,9
3387,5
3388,9
3389,5
3390,6
3391,4
3392,7
3393,4
3394,0
3395,7
3396,9
3397,3
3398,6
3399,6
3400,2
3401,8
3402,1
3403,3
3404,9
3405,7
3406,2
3407,4
3408,8
3409,1
3410,7
3411,2
3412,2
3413,1
3414,4
3415,1
3416,9
3417,5
3418,4
3419,9
3420,8
3421,9
3422,0
3423,3
3424,4
3425,5
3426,4
3427,1
3428,5
3429,5
3430,4
3431,3
3432,6
3433,5
3434,2
3435,9
3436,8
3437,3
3438,8
3439,3
3440,1
3441,8
3442,5
3443,6
3444,9
3445,7
3446,1
3447,9
3448,3
3449,5
3450,0
3451,1
3452,8
3453,1
3454,6
3455,9
3456,5
3457,6
3458,0
3459,1
3460,6
3461,4
3462,2
3463,5
3464,0
3465,1
3466,4
3467,7
3468,0
3469,8
3470,7
3471,2
3472,1
3473,5
3474,0
3475,2
3476,4
3477,8
3478,8
3479,3
3480,8
3481,7
3482,5
3483,5
3484,0
3485,7
3486,6
3487,5
3488,9
3489,8
3490,0
3491,2
3492,2
3493,3
3494,0
3495,2
3496,1
3497,2
3498,2
3499,8
3500,2
3501,8
3502,5
3503,8
3504,8
3505,4
3506,4
3507,2
3508,1
3509,9
3510,3
3511,2
3512,2
3513,3
3514,5
3515,1
3516,3
3517,6
3518,2
3519,8
3520,2
3521,2
3522,3
3523,9
3524,6
3525,1
3526,2
3527,4
3528,0
3529,3
3530,2
3531,2
3532,3
3533,0
3534,7
3535,5
3536,0
3537,7
3538,0
3539,2
3540,3
3541,4
3542,9
3543,4
3544,8
3545,1
3546,5
3547,9
3548,6
3549,8
3550,9
3551,5
3552,2
3553,0
3554,1
3555,6
3556,1
3557,3
3558,5
3559,7
3560,5
3561,2
3562,4
3563,5
3564,0
3565,6
3566,9
3567,6
3568,0
3569,3
3570,5
3571,1
3572,7
3573,0
3574,2
3575,1
3576,3
3577,7
3578,6
3579,8
3580,7
3581,8
3582,7
3583,1
3584,5
3585,0
3586,0
3587,2
3588,6
3589,5
3590,6
3591,3
3592,8
3593,8
3594,1
3595,6
3596,4
3597,2
3598,4
3599,3
3600,5
3601,0
3602,5
3603,7
3604,6
3605,7
3606,9
3607,3
3608,9
3609,7
3610,1
3611,2
3612,3
3613,6
3614,0
3615,6
3616,9
3617,8
3618,7
3619,9
3620,1
3621,5
3622,0
3623,0
3624,1
3625,6
3626,4
3627,9
3628,5
3629,9
3630,2
3631,5
3632,3
3633,5
3634,5
3635,3
3636,6
3637,7
3638,6
3639,0
3640,1
3641,3
3642,0
3643,3
3644,4
3645,1
3646,1
3647,3
3648,7
3649,9
3650,6
3651,9
3652,4
3653,9
3654,4
3655,1
3656,8
3657,1
3658,5
3659,8
3660,3
3661,9
3662,6
3663,4
3664,9
3665,4
3666,8
3667,8
3668,3
3669,4
3670,4
3671,7
3672,8
3673,8
3674,2
3675,1
3676,7
3677,5
3678,0
3679,7
3680,3
3681,6
3682,7
3683,8
3684,8
3685,6
3686,6
3687,5
3688,6
3689,9
3690,4
3691,0
3692,6
3693,7
3694,3
3695,3
3696,9
3697,8
3698,2
3699,8
3700,7
3701,9
3702,6
3703,9
3704,7
3705,7
3706,8
3707,5
3708,8
3709,9
3710,7
3711,9
3712,3
3713,5
3714,3
3715,1
3716,8
3717,6
3718,1
3719,1
3720,0
3721,1
3722,4
3723,3
3724,1
3725,6
3726,4
3727,8
3728,7
3729,4
3730,0
3731,5
3732,8
3733,8
3734,9
3735,0
3736,3
3737,2
3738,7
3739,2
3740,7
3741,4
3742,8
3743,0
3744,2
3745,5
3746,7
3747,8
3748,3
3749,7
3750,3
3751,6
3752,2
3753,7
3754,2
3755,7
3756,1
3757,6
3758,1
3759,9
3760,9
3761,9
3762,6
3763,8
3764,8
3765,8
3766,6
3767,1
3768,1
3769,4
3770,6
3771,3
3772,7
3773,6
3774,9
3775,3
3776,3
3777,8
3778,2
3779,2
3780,7
3781,4
3782,8
3783,6
3784,0
3785,0
3786,0
3787,4
3788,0
3789,0
3790,3
3791,7
3792,0
3793,2
3794,2
3795,6
3796,2
3797,1
3798,4
3799,1
3800,4
3801,9
3802,3
3803,4
3804,2
3805,9
3806,7
3807,7
3808,5
3809,7
3810,9
3811,9
3812,2
3813,5
3814,6
3815,2
3816,9
3817,2
3818,8
3819,5
3820,4
3821,8
3822,1
3823,1
3824,7
3825,7
3826,8
3827,0
3828,8
3829,4
3830,2
3831,2
3832,1
3833,9
3834,6
3835,1
3836,5
3837,7
3838,7
3839,4
3840,6
3841,9
3842,8
3843,7
3844,4
3845,3
3846,2
3847,6
3848,8
3849,5
3850,7
3851,2
3852,2
3853,5
3854,2
3855,1
3856,6
3857,5
3858,9
3859,6
3860,1
3861,5
3862,6
3863,8
3864,7
3865,1
3866,6
3867,8
3868,8
3869,9
3870,3
3871,1
3872,9
3873,4
3874,4
3875,4
3876,0
3877,7
3878,8
3879,2
3880,0
3881,6
3882,2
3883,1
3884,3
3885,2
3886,9
3887,0
3888,2
3889,6
3890,4
3891,3
3892,5
3893,4
3894,8
3895,2
3896,0
3897,3
3898,7
3899,6
3900,8
3901,4
3902,0
3903,5
3904,6
3905,5
3906,7
3907,1
3908,8
3909,5
3910,2
3911,0
3912,3
3913,8
3914,3
3915,9
3916,9
3917,5
3918,6
3919,8
3920,4
3921,6
3922,5
3923,9
3924,8
3925,7
3926,1
3927,3
3928,5
3929,5
3930,2
3931,8
3932,6
3933,0
3934,6
3935,9
3936,8
3937,1
3938,4
3939,9
3940,0
3941,2
3942,2
3943,5
3944,1
3945,0
3946,4
3947,6
3948,0
3949,0
3950,9
3951,0
3952,4
3953,1
3954,0
3955,6
3956,0
3957,9
3958,9
3959,7
3960,2
3961,7
3962,4
3963,4
3964,6
3965,7
3966,3
3967,3
3968,2
3969,2
3970,3
3971,7
3972,1
3973,8
3974,2
3975,2
3976,2
3977,6
3978,0
3979,5
3980,4
3981,3
3982,7
3983,0
3984,6
3985,2
3986,9
3987,4
3988,4
3989,9
3990,8
3991,8
3992,6
3993,4
3994,5
3995,5
3996,6
3997,8
3998,7
3999,6
4000,8
4001,9
4002,0
4003,1
4004,1
4005,3
4006,8
4007,4
4008,2
4009,0
4010,9
4011,6
4012,3
4013,9
4014,0
4015,0
4016,9
4017,1
4018,4
4019,1
4020,9
4021,3
4022,1
4023,9
4024,0
4025,8
4026,0
4027,4
4028,0
4029,0
4030,9
4031,5
4032,5
4033,7
4034,4
4035,7
4036,5
4037,3
4038,3
4039,0
4040,9
4041,1
4042,4
4043,6
4044,4
4045,1
4046,6
4047,8
4048,4
4049,4
4050,1
4051,4
4052,5
4053,9
4054,9
4055,1
4056,1
4057,3
4058,0
4059,2
4060,8
4061,7
4062,9
4063,2
4064,6
4065,3
4066,0
4067,6
4068,5
4069,0
4070,3
4071,6
4072,5
4073,5
4074,1
4075,6
4076,3
4077,9
4078,0
4079,9
4080,7
4081,2
4082,4
4083,9
4084,9
4085,3
4086,9
4087,3
4088,4
4089,2
4090,5
4091,1
4092,6
4093,5
4094,7
4095,2
4096,0
4097,3
4098,4
4099,7
4100,4
4101,2
4102,7
4103,6
4104,9
4105,8
4106,4
4107,4
4108,9
4109,2
4110,7
4111,3
4112,3
4113,1
4114,4
4115,1
4116,1
4117,9
4118,0
4119,8
4120,7
4121,3
4122,3
4123,8
4124,2
4125,8
4126,3
4127,4
4128,3
4129,7
4130,2
4131,2
4132,1
4133,7
4134,7
4135,2
4136,6
4137,5
4138,3
4139,5
4140,4
4141,2
4142,6
4143,2
4144,8
4145,1
4146,8
4147,7
4148,3
4149,1
4150,0
4151,1
4152,7
4153,5
4154,8
4155,2
4156,1
4157,4
4158,3
4159,4
4160,8
4161,7
4162,7
4163,4
4164,1
4165,9
4166,9
4167,0
4168,6
4169,3
4170,0
4171,3
4172,7
4173,9
4174,4
4175,5
4176,6
4177,8
4178,5
4179,2
4180,1
4181,4
4182,5
4183,2
4184,7
4185,2
4186,8
4187,8
4188,8
4189,9
4190,4
4191,5
4192,4
4193,1
4194,0
4195,8
4196,4
4197,7
4198,0
4199,0
4200,8
4201,5
4202,1
4203,2
4204,4
4205,3
4206,1
4207,0
4208,6
4209,3
4210,5
4211,6
4212,1
4213,9
4214,8
4215,1
4216,2
4217,4
4218,5
4219,2
4220,4
4221,3
4222,1
4223,7
4224,9
4225,9
4226,4
4227,5
4228,9
4229,4
4230,4
4231,9
4232,4
4233,5
4234,9
4235,6
4236,5
4237,2
4238,9
4239,2
4240,0
4241,3
4242,8
4243,2
4244,5
4245,8
4246,3
4247,4
4248,0
4249,0
4250,5
4251,4
4252,5
4253,7
4254,8
4255,9
4256,1
4257,3
4258,3
4259,6
4260,9
4261,5
4262,6
4263,2
4264,8
4265,0
4266,1
4267,9
4268,0
4269,1
4270,3
4271,7
4272,5
4273,3
4274,8
4275,8
4276,8
4277,8
4278,0
4279,6
4280,1
4281,7
4282,6
4283,6
4284,6
4285,7
4286,3
4287,4
4288,0
4289,9
4290,5
4291,7
4292,1
4293,3
4294,7
4295,3
4296,1
4297,3
4298,2
4299,8
4300,4
4301,6
4302,6
4303,2
4304,8
4305,9
4306,4
4307,5
4308,8
4309,1
4310,8
4311,0
4312,8
4313,2
4314,2
4315,5
4316,2
4317,3
4318,7
4319,9
4320,8
4321,1
4322,8
4323,5
4324,0
4325,4
4326,8
4327,6
4328,7
4329,4
4330,6
4331,2
4332,7
4333,1
4334,4
4335,4
4336,1
4337,0
4338,9
4339,3
4340,7
4341,6
4342,7
4343,9
4344,1
4345,9
4346,4
4347,6
4348,9
4349,9
4350,1
4351,1
4352,2
4353,6
4354,6
4355,6
4356,9
4357,6
4358,3
4359,0
4360,7
4361,9
4362,3
4363,8
4364,3
4365,1
4366,5
4367,6
4368,6
4369,1
4370,4
4371,4
4372,7
4373,8
4374,6
4375,7
4376,0
4377,3
4378,6
4379,4
4380,6
4381,2
4382,5
4383,7
4384,6
4385,4
4386,5
4387,1
4388,1
4389,3
4390,9
4391,5
4392,9
4393,9
4394,0
4395,4
4396,3
4397,5
4398,0
4399,2
4400,7
4401,9
4402,2
4403,6
4404,2
4405,9
4406,9
4407,3
4408,4
4409,2
4410,8
4411,8
4412,4
4413,7
4414,0
4415,9
4416,8
4417,7
4418,6
4419,5
4420,9
4421,1
4422,5
4423,4
4424,8
4425,8
4426,9
4427,5
4428,1
4429,1
4430,3
4431,6
4432,9
4433,1
4434,0
4435,7
4436,3
4437,1
4438,5
4439,2
4440,9
4441,8
4442,4
4443,4
4444,8
4445,7
4446,8
4447,2
4448,2
4449,4
4450,5
4451,0
4452,9
4453,8
4454,2
4455,6
4456,7
4457,9
4458,5
4459,7
4460,6
4461,2
4462,6
4463,4
4464,2
4465,6
4466,2
4467,0
4468,7
4469,9
4470,7
4471,8
4472,4
4473,9
4474,2
4475,9
4476,8
4477,5
4478,6
4479,3
4480,2
4481,9
4482,4
4483,8
4484,5
4485,4
4486,3
4487,9
4488,3
4489,9
4490,1
4491,5
4492,3
4493,2
4494,0
4495,6
4496,9
4497,6
4498,6
4499,5
4500,3
4501,5
4502,3
4503,0
4504,0
4505,3
4506,1
4507,6
4508,2
4509,4
4510,6
4511,1
4512,5
4513,8
4514,6
4515,4
4516,4
4517,2
4518,2
4519,2
4520,3
4521,5
4522,1
4523,1
4524,6
4525,7
4526,7
4527,6
4528,6
4529,4
4530,9
4531,5
4532,9
4533,5
4534,1
4535,6
4536,2
4537,2
4538,0
4539,6
4540,8
4541,4
4542,1
4543,0
4544,6
4545,8
4546,2
4547,7
4548,9
4549,1
4550,7
4551,1
4552,5
4553,1
4554,6
4555,2
4556,9
4557,2
4558,0
4559,4
4560,8
4561,2
4562,9
4563,3
4564,7
4565,0
4566,8
4567,9
4568,4
4569,5
4570,0
4571,0
4572,8
4573,5
4574,3
4575,9
4576,7
4577,6
4578,2
4579,3
4580,6
4581,0
4582,5
4583,0
4584,2
4585,1
4586,0
4587,8
4588,9
4589,9
4590,0
4591,3
4592,8
4593,9
4594,7
4595,5
4596,4
4597,8
4598,0
4599,6
4600,1
4601,9
4602,6
4603,6
4604,2
4605,3
4606,2
4607,8
4608,5
4609,7
4610,6
4611,2
4612,7
4613,7
4614,5
4615,8
4616,3
4617,1
4618,2
4619,7
4620,1
4621,9
4622,1
4623,8
4624,6
4625,5
4626,4
4627,2
4628,8
4629,0
4630,5
4631,9
4632,8
4633,1
4634,2
4635,1
4636,9
4637,1
4638,1
4639,5
4640,3
4641,1
4642,9
4643,1
4644,0
4645,2
4646,4
4647,0
4648,9
4649,4
4650,3
4651,9
4652,5
4653,9
4654,9
4655,6
4656,5
4657,1
4658,3
4659,2
4660,8
4661,1
4662,8
4663,2
4664,1
4665,8
4666,2
4667,9
4668,8
4669,3
4670,3
4671,1
4672,0
4673,1
4674,0
4675,8
4676,3
4677,4
4678,2
4679,7
4680,1
4681,8
4682,9
4683,9
4684,4
4685,5
4686,1
4687,4
4688,5
4689,1
4690,5
4691,0
4692,1
4693,3
4694,3
4695,0
4696,6
4697,9
4698,7
4699,4
4700,9
4701,4
4702,9
4703,2
4704,9
4705,1
4706,5
4707,1
4708,9
4709,3
4710,0
4711,8
4712,4
4713,4
4714,0
4715,4
4716,8
4717,9
4718,8
4719,1
4720,3
4721,6
4722,3
4723,2
4724,1
4725,3
4726,9
4727,7
4728,1
4729,5
4730,9
4731,9
4732,1
4733,2
4734,8
4735,8
4736,6
4737,9
4738,0
4739,2
4740,8
4741,2
4742,2
4743,8
4744,2
4745,5
4746,1
4747,5
4748,2
4749,8
4750,4
4751,3
4752,5
4753,6
4754,5
4755,3
4756,6
4757,5
4758,4
4759,1
4760,0
4761,4
4762,4
4763,6
4764,2
4765,7
4766,1
4767,8
4768,4
4769,4
4770,4
4771,5
4772,4
4773,2
4774,2
4775,3
4776,0
4777,9
4778,9
4779,0
4780,6
4781,7
4782,4
4783,0
4784,2
4785,9
4786,8
4787,9
4788,4
4789,9
4790,6
4791,1
4792,3
4793,5
4794,0
4795,4
4796,8
4797,8
4798,0
4799,0
4800,6
4801,6
4802,3
4803,4
4804,0
4805,5
4806,6
4807,6
4808,7
4809,6
4810,5
4811,5
4812,0
4813,0
4814,1
4815,2
4816,6
4817,7
4818,6
4819,4
4820,4
4821,8
4822,0
4823,6
4824,3
4825,9
4826,9
4827,1
4828,0
4829,7
4830,1
4831,7
4832,4
4833,1
4834,5
4835,0
4836,9
4837,8
4838,6
4839,4
4840,7
4841,6
4842,5
4843,6
4844,2
4845,9
4846,9
4847,5
4848,0
4849,2
4850,2
4851,1
4852,0
4853,9
4854,2
4855,6
4856,4
4857,6
4858,2
4859,8
4860,4
4861,1
4862,6
4863,3
4864,0
4865,9
4866,1
4867,3
4868,8
4869,7
4870,3
4871,0
4872,1
4873,4
4874,1
4875,5
4876,6
4877,6
4878,6
4879,9
4880,9
4881,4
4882,2
4883,5
4884,2
4885,3
4886,5
4887,4
4888,8
4889,2
4890,7
4891,8
4892,2
4893,2
4894,4
4895,4
4896,4
4897,7
4898,7
4899,8
4900,9
4901,2
4902,3
4903,1
4904,0
4905,5
4906,1
4907,3
4908,2
4909,4
4910,2
4911,0
4912,7
4913,2
4914,2
4915,0
4916,3
4917,3
4918,2
4919,2
4920,7
4921,2
4922,1
4923,3
4924,5
4925,2
4926,7
4927,6
4928,0
4929,2
4930,9
4931,8
4932,4
4933,5
4934,8
4935,2
4936,6
4937,4
4938,1
4939,1
4940,9
4941,0
4942,3
4943,3
4944,0
4945,3
4946,3
4947,7
4948,2
4949,5
4950,8
4951,0
4952,1
4953,6
4954,6
4955,0
4956,4
4957,9
4958,6
4959,6
4960,4
4961,2
4962,0
4963,1
4964,2
4965,2
4966,3
4967,3
4968,5
4969,7
4970,2
4971,2
4972,3
4973,6
4974,2
4975,9
4976,5
4977,3
4978,4
4979,2
4980,3
4981,2
4982,1
4983,1
4984,5
4985,5
4986,5
4987,7
4988,6
4989,2
4990,4
4991,1
4992,1
4993,1
4994,3
4995,2
4996,3
4997,5
4998,3
4999,8
5000,4
5001,7
5002,0
5003,2
5004,1
5005,1
5006,2
5007,7
5008,2
5009,8
5010,0
5011,1
5012,6
5013,8
5014,5
5015,3
5016,0
5017,4
5018,6
5019,3
5020,4
5021,4
5022,6
5023,4
5024,0
5025,6
5026,8
5027,4
5028,7
5029,2
5030,6
5031,8
5032,4
5033,3
5034,2
5035,2
5036,6
5037,5
5038,9
5039,1
5040,4
5041,6
5042,8
5043,3
5044,6
5045,5
5046,2
5047,8
5048,9
5049,9
5050,4
5051,7
5052,7
5053,7
5054,8
5055,9
5056,8
5057,7
5058,6
5059,6
5060,1
5061,1
5062,9
5063,4
5064,0
5065,5
5066,7
5067,6
5068,6
5069,6
5070,0
5071,3
5072,0
5073,1
5074,7
5075,1
5076,5
5077,1
5078,0
5079,5
5080,7
5081,0
5082,9
5083,8
5084,3
5085,6
5086,5
5087,3
5088,5
5089,9
5090,9
5091,6
5092,7
5093,5
5094,2
5095,7
5096,0
5097,0
5098,4
5099,0
5100,8
5101,0
5102,6
5103,8
5104,9
5105,1
5106,9
5107,9
5108,8
5109,8
5110,9
5111,5
5112,5
5113,5
5114,5
5115,5
5116,6
5117,6
5118,5
5119,6
5120,2
5121,2
5122,3
5123,3
5124,4
5125,0
5126,8
5127,9
5128,4
5129,8
5130,4
5131,4
5132,1
5133,1
5134,7
5135,3
5136,1
5137,3
5138,0
5139,1
5140,5
5141,1
5142,0
5143,3
5144,2
5145,5
5146,1
5147,4
5148,8
5149,7
5150,0
5151,7
5152,3
5153,2
5154,0
5155,1
5156,1
5157,8
5158,6
5159,8
5160,3
5161,4
5162,7
5163,5
5164,4
5165,9
5166,6
5167,9
5168,4
5169,4
5170,8
5171,3
5172,3
5173,0
5174,9
5175,0
5176,8
5177,4
5178,2
5179,0
5180,7
5181,7
5182,6
5183,0
5184,4
5185,6
5186,2
5187,0
5188,7
5189,3
5190,5
5191,5
5192,1
5193,8
5194,5
5195,2
5196,2
5197,8
5198,3
5199,9
5200,8
5201,3
5202,6
5203,0
5204,3
5205,1
5206,4
5207,9
5208,1
5209,0
5210,1
5211,6
5212,0
5213,0
5214,0
5215,7
5216,0
5217,2
5218,3
5219,8
5220,3
5221,5
5222,9
5223,4
5224,1
5225,5
5226,7
5227,1
5228,0
5229,7
5230,7
5231,9
5232,2
5233,4
5234,2
5235,3
5236,5
5237,9
5238,8
5239,4
5240,8
5241,8
5242,3
5243,3
5244,2
5245,7
5246,2
5247,9
5248,8
5249,7
5250,7
5251,9
5252,3
5253,6
5254,3
5255,2
5256,1
5257,4
5258,2
5259,8
5260,7
5261,8
5262,4
5263,8
5264,6
5265,4
5266,6
5267,1
5268,5
5269,9
5270,3
5271,3
5272,0
5273,9
5274,4
5275,8
5276,7
5277,5
5278,9
5279,2
5280,0
5281,9
5282,2
5283,3
5284,8
5285,7
5286,7
5287,7
5288,8
5289,5
5290,6
5291,7
5292,5
5293,9
5294,6
5295,6
5296,3
5297,1
5298,4
5299,0
5300,7
5301,5
5302,5
5303,8
5304,5
5305,4
5306,3
5307,0
5308,7
5309,2
5310,5
5311,2
5312,7
5313,8
5314,3
5315,6
5316,5
5317,3
5318,8
5319,3
5320,7
5321,1
5322,2
5323,4
5324,7
5325,5
5326,2
5327,1
5328,3
5329,9
5330,7
5331,5
5332,2
5333,6
5334,7
5335,0
5336,1
5337,8
5338,0
5339,3
5340,8
5341,5
5342,8
5343,8
5344,8
5345,3
5346,3
5347,5
5348,7
5349,9
5350,6
5351,5
5352,2
5353,2
5354,5
5355,7
5356,4
5357,2
5358,5
5359,1
5360,9
5361,3
5362,2
5363,7
5364,6
5365,5
5366,7
5367,9
5368,6
5369,1
5370,3
5371,8
5372,3
5373,5
5374,4
5375,7
5376,9
5377,6
5378,1
5379,7
5380,9
5381,3
5382,2
5383,5
5384,0
5385,4
5386,2
5387,9
5388,7
5389,2
5390,6
5391,9
5392,8
5393,2
5394,9
5395,6
5396,4
5397,3
5398,6
5399,6
5400,6
5401,6
5402,2
5403,0
5404,3
5405,3
5406,4
5407,4
5408,3
5409,9
5410,3
5411,0
5412,6
5413,7
5414,9
5415,7
5416,0
5417,0
5418,6
5419,7
5420,9
5421,1
5422,0
5423,5
5424,9
5425,8
5426,4
5427,7
5428,6
5429,1
5430,6
5431,2
5432,4
5433,8
5434,2
5435,6
5436,8
5437,0
5438,3
5439,2
5440,6
5441,6
5442,1
5443,6
5444,5
5445,2
5446,9
5447,6
5448,2
5449,2
5450,3
5451,5
5452,8
5453,2
5454,4
5455,8
5456,2
5457,6
5458,9
5459,4
5460,8
5461,4
5462,2
5463,1
5464,8
5465,2
5466,4
5467,0
5468,2
5469,6
5470,1
5471,6
5472,7
5473,2
5474,9
5475,1
5476,1
5477,6
5478,1
5479,4
5480,0
5481,3
5482,5
5483,3
5484,5
5485,6
5486,2
5487,4
5488,2
5489,3
5490,1
5491,0
5492,0
5493,1
5494,8
5495,3
5496,0
5497,5
5498,4
5499,6
5500,7
5501,5
5502,3
5503,1
5504,5
5505,9
5506,2
5507,3
5508,1
5509,7
5510,6
5511,9
5512,4
5513,3
5514,9
5515,0
5516,0
5517,4
5518,6
5519,6
5520,0
5521,4
5522,8
5523,1
5524,8
5525,0
5526,1
5527,0
5528,9
5529,3
5530,1
5531,1
5532,4
5533,2
5534,9
5535,1
5536,8
5537,5
5538,8
5539,1
5540,3
5541,1
5542,5
5543,1
5544,3
5545,2
5546,6
5547,7
5548,4
5549,7
5550,0
5551,7
5552,1
5553,6
5554,1
5555,4
5556,4
5557,6
5558,8
5559,4
5560,2
5561,0
5562,3
5563,2
5564,4
5565,0
5566,4
5567,8
5568,5
5569,6
5570,3
5571,6
5572,7
5573,1
5574,3
5575,3
5576,9
5577,8
5578,8
5579,5
5580,8
5581,6
5582,7
5583,8
5584,5
5585,7
5586,2
5587,1
5588,1
5589,8
5590,0
5591,1
5592,6
5593,8
5594,3
5595,4
5596,1
5597,7
5598,4
5599,9
5600,4
5601,2
5602,0
5603,6
5604,5
5605,6
5606,4
5607,7
5608,8
5609,8
5610,1
5611,0
5612,4
5613,5
5614,0
5615,3
5616,6
5617,7
5618,3
5619,5
5620,3
5621,6
5622,7
5623,1
5624,3
5625,8
5626,9
5627,5
5628,1
5629,3
5630,7
5631,2
5632,3
5633,8
5634,2
5635,6
5636,5
5637,1
5638,6
5639,2
5640,0
5641,0
5642,3
5643,7
5644,8
5645,5
5646,1
5647,8
5648,3
5649,6
5650,8
5651,3
5652,5
5653,7
5654,4
5655,7
5656,7
5657,1
5658,6
5659,5
5660,6
5661,4
5662,7
5663,2
5664,3
5665,1
5666,1
5667,7
5668,7
5669,4
5670,6
5671,4
5672,7
5673,1
5674,2
5675,4
5676,1
5677,0
5678,7
5679,2
5680,6
5681,7
5682,0
5683,7
5684,7
5685,6
5686,5
5687,2
5688,9
5689,1
5690,8
5691,9
5692,6
5693,9
5694,1
5695,2
5696,7
5697,9
5698,6
5699,7
5700,0
5701,8
5702,7
5703,4
5704,2
5705,6
5706,8
5707,3
5708,9
5709,3
5710,9
5711,5
5712,7
5713,2
5714,9
5715,1
5716,9
5717,2
5718,2
5719,5
5720,0
5721,6
5722,3
5723,3
5724,3
5725,8
5726,3
5727,3
5728,2
5729,5
5730,5
5731,6
5732,2
5733,7
5734,3
5735,9
5736,4
5737,3
5738,8
5739,9
5740,3
5741,7
5742,3
5743,4
5744,0
5745,7
5746,4
5747,4
5748,2
5749,4
5750,7
5751,9
5752,6
5753,1
5754,2
5755,1
5756,7
5757,8
5758,8
5759,6
5760,1
5761,9
5762,2
5763,2
5764,2
5765,6
5766,1
5767,9
5768,2
5769,2
5770,9
5771,0
5772,2
5773,4
5774,5
5775,6
5776,1
5777,7
5778,0
5779,0
5780,6
5781,9
5782,2
5783,7
5784,6
5785,1
5786,1
5787,9
5788,3
5789,1
5790,5
5791,2
5792,3
5793,6
5794,0
5795,5
5796,7
5797,8
5798,3
5799,8
5800,9
5801,0
5802,4
5803,0
5804,4
5805,2
5806,8
5807,0
5808,0
5809,2
5810,7
5811,3
5812,1
5813,3
5814,9
5815,7
5816,3
5817,7
5818,1
5819,9
5820,4
5821,2
5822,4
5823,6
5824,3
5825,8
5826,8
5827,8
5828,8
5829,6
5830,4
5831,9
5832,6
5833,9
5834,0
5835,2
5836,6
5837,6
5838,2
5839,4
5840,6
5841,1
5842,2
5843,7
5844,6
5845,4
5846,9
5847,8
5848,6
5849,6
5850,1
5851,7
5852,8
5853,4
5854,0
5855,1
5856,9
5857,7
5858,6
5859,8
5860,9
5861,6
5862,2
5863,7
5864,6
5865,3
5866,0
5867,0
5868,1
5869,7
5870,5
5871,9
5872,3
5873,8
5874,5
5875,3
5876,5
5877,7
5878,0
5879,9
5880,7
5881,5
5882,9
5883,2
5884,3
5885,6
5886,7
5887,6
5888,0
5889,5
5890,2
5891,8
5892,2
5893,6
5894,1
5895,4
5896,8
5897,9
5898,8
5899,7
5900,6
5901,0
5902,9
5903,0
5904,4
5905,1
5906,0
5907,9
5908,2
5909,9
5910,2
5911,3
5912,5
5913,2
5914,1
5915,0
5916,5
5917,8
5918,1
5919,8
5920,4
5921,6
5922,5
5923,7
5924,6
5925,0
5926,6
5927,5
5928,2
5929,7
5930,1
5931,4
5932,6
5933,5
5934,6
5935,1
5936,8
5937,4
5938,6
5939,9
5940,4
5941,7
5942,6
5943,3
5944,4
5945,8
5946,1
5947,4
5948,9
5949,2
5950,2
5951,4
5952,9
5953,4
5954,4
5955,8
5956,4
5957,7
5958,1
5959,0
5960,2
5961,8
5962,5
5963,5
5964,1
5965,1
5966,4
5967,3
5968,8
5969,8
5970,3
5971,8
5972,2
5973,0
5974,4
5975,4
5976,4
5977,9
5978,4
5979,3
5980,6
5981,8
5982,9
5983,0
5984,8
5985,7
5986,7
5987,9
5988,7
5989,3
5990,6
5991,4
5992,0
5993,3
5994,7
5995,2
5996,8
5997,8
5998,6
5999,6
6000,8
6001,0
6002,6
6003,7
6004,1
6005,6
6006,3
6007,7
6008,8
6009,0
6010,6
6011,7
6012,4
6013,8
6014,9
6015,7
6016,3
6017,6
6018,2
6019,4
6020,7
6021,2
6022,8
6023,8
6024,8
6025,7
6026,1
6027,3
6028,1
6029,8
6030,6
6031,2
6032,3
6033,7
6034,1
6035,6
6036,5
6037,9
6038,6
6039,5
6040,8
6041,1
6042,2
6043,8
6044,5
6045,0
6046,2
6047,3
6048,7
6049,7
6050,9
6051,7
6052,4
6053,1
6054,9
6055,7
6056,7
6057,5
6058,0
6059,8
6060,7
6061,5
6062,5
6063,9
6064,5
6065,3
6066,6
6067,3
6068,4
6069,6
6070,4
6071,4
6072,5
6073,2
6074,6
6075,5
6076,8
6077,1
6078,3
6079,7
6080,6
6081,9
6082,7
6083,4
6084,0
6085,1
6086,7
6087,1
6088,4
6089,1
6090,8
6091,0
6092,8
6093,4
6094,6
6095,9
6096,5
6097,6
6098,3
6099,1
6100,1
6101,2
6102,2
6103,6
6104,7
6105,0
6106,3
6107,0
6108,8
6109,6
6110,2
6111,1
6112,1
6113,9
6114,0
6115,2
6116,8
6117,0
6118,1
6119,9
6120,1
6121,2
6122,1
6123,9
6124,0
6125,0
6126,9
6127,2
6128,0
6129,3
6130,7
6131,3
6132,0
6133,8
6134,4
6135,3
6136,9
6137,4
6138,5
6139,1
6140,0
6141,4
6142,9
6143,4
6144,0
6145,0
6146,1
6147,1
6148,3
6149,6
6150,1
6151,3
6152,8
6153,8
6154,5
6155,2
6156,7
6157,5
6158,3
6159,0
6160,5
6161,4
6162,0
6163,6
6164,2
6165,7
6166,3
6167,2
6168,3
6169,9
6170,9
6171,0
6172,4
6173,5
6174,1
6175,4
6176,3
6177,1
6178,7
6179,3
6180,4
6181,3
6182,0
6183,9
6184,0
6185,7
6186,1
6187,5
6188,9
6189,4
6190,5
6191,4
6192,3
6193,8
6194,9
6195,0
6196,5
6197,5
6198,6
6199,9
6200,1
6201,6
6202,2
6203,0
6204,5
6205,5
6206,8
6207,7
6208,7
6209,5
6210,9
6211,1
6212,0
6213,4
6214,3
6215,2
6216,3
6217,5
6218,1
6219,1
6220,9
6221,3
6222,8
6223,5
6224,7
6225,5
6226,8
6227,7
6228,9
6229,4
6230,4
6231,4
6232,9
6233,5
6234,7
6235,4
6236,5
6237,8
6238,2
6239,2
6240,8
6241,7
6242,8
6243,0
6244,9
6245,2
6246,8
6247,6
6248,4
6249,6
6250,3
6251,3
6252,1
6253,2
6254,6
6255,7
6256,6
6257,7
6258,1
6259,4
6260,5
6261,1
6262,1
6263,4
6264,2
6265,2
6266,1
6267,9
6268,0
6269,8
6270,7
6271,9
6272,0
6273,7
6274,4
6275,9
6276,6
6277,7
6278,6
6279,8
6280,8
6281,9
6282,1
6283,7
6284,6
6285,2
6286,9
6287,9
6288,4
6289,4
6290,6
6291,7
6292,4
6293,7
6294,9
6295,7
6296,8
6297,4
6298,6
6299,9
6300,4
6301,4
6302,3
6303,2
6304,6
6305,0
6306,1
6307,8
6308,3
6309,2
6310,4
6311,7
6312,5
6313,6
6314,5
6315,2
6316,5
6317,4
6318,7
6319,4
6320,0
6321,1
6322,8
6323,1
6324,8
6325,5
6326,0
6327,2
6328,9
6329,9
6330,5
6331,6
6332,5
6333,2
6334,7
6335,7
6336,6
6337,7
6338,9
6339,1
6340,9
6341,6
6342,5
6343,9
6344,2
6345,2
6346,6
6347,5
6348,9
6349,0
6350,2
6351,5
6352,9
6353,7
6354,0
6355,7
6356,7
6357,3
6358,8
6359,9
6360,4
6361,2
6362,2
6363,3
6364,5
6365,8
6366,2
6367,5
6368,4
6369,7
6370,3
6371,8
6372,6
6373,8
6374,3
6375,5
6376,1
6377,6
6378,2
6379,1
6380,8
6381,0
6382,3
6383,6
6384,1
6385,2
6386,0
6387,7
6388,4
6389,1
6390,4
6391,5
6392,3
6393,1
6394,8
6395,1
6396,9
6397,9
6398,2
6399,3
6400,0
6401,2
6402,9
6403,7
6404,9
6405,8
6406,1
6407,8
6408,1
6409,5
6410,2
6411,1
6412,6
6413,7
6414,8
6415,5
6416,9
6417,2
6418,4
6419,8
6420,8
6421,4
6422,6
6423,1
6424,7
6425,8
6426,2
6427,0
6428,9
6429,4
6430,6
6431,0
6432,3
6433,5
6434,2
6435,2
6436,8
6437,8
6438,6
6439,3
6440,2
6441,4
6442,4
6443,6
6444,8
6445,0
6446,2
6447,6
6448,4
6449,0
6450,8
6451,4
6452,2
6453,7
6454,6
6455,6
6456,5
6457,5
6458,7
6459,8
6460,4
6461,3
6462,6
6463,4
6464,1
6465,0
6466,3
6467,1
6468,3
6469,4
6470,2
6471,3
6472,1
6473,3
6474,6
6475,0
6476,8
6477,3
6478,1
6479,7
6480,5
6481,5
6482,1
6483,6
6484,0
6485,3
6486,4
6487,3
6488,9
6489,4
6490,2
6491,4
6492,0
6493,3
6494,1
6495,6
6496,5
6497,1
6498,3
6499,8
6500,7
6501,7
6502,7
6503,6
6504,2
6505,8
6506,0
6507,2
6508,5
6509,6
6510,8
6511,1
6512,7
6513,3
6514,2
6515,3
6516,2
6517,0
6518,6
6519,7
6520,2
6521,8
6522,2
6523,1
6524,2
6525,0
6526,1
6527,7
6528,1
6529,7
6530,0
6531,0
6532,9
6533,9
6534,4
6535,8
6536,7
6537,9
6538,1
6539,5
6540,6
6541,9
6542,1
6543,4
6544,8
6545,2
6546,3
6547,6
6548,6
6549,1
6550,8
6551,7
6552,3
6553,4
6554,6
6555,6
6556,8
6557,3
6558,4
6559,9
6560,1
6561,9
6562,1
6563,9
6564,4
6565,0
6566,5
6567,3
6568,6
6569,9
6570,7
6571,1
6572,7
6573,1
6574,2
6575,9
6576,7
6577,0
6578,1
6579,7
6580,2
6581,8
6582,8
6583,1
6584,2
6585,8
6586,9
6587,7
6588,2
6589,6
6590,2
6591,9
6592,7
6593,9
6594,0
6595,2
6596,2
6597,6
6598,4
6599,2
6600,7
6601,7
6602,7
6603,3
6604,1
6605,5
6606,5
6607,7
6608,3
6609,1
6610,4
6611,7
6612,6
6613,1
6614,4
6615,6
6616,9
6617,8
6618,6
6619,4
6620,8
6621,5
6622,2
6623,8
6624,6
6625,6
6626,1
6627,0
6628,9
6629,0
6630,5
6631,2
6632,3
6633,6
6634,1
6635,2
6636,2
6637,5
6638,0
6639,3
6640,3
6641,2
6642,5
6643,9
6644,4
6645,1
6646,7
6647,2
6648,1
6649,8
6650,1
6651,6
6652,6
6653,8
6654,0
6655,9
6656,9
6657,7
6658,3
6659,6
6660,9
6661,0
6662,2
6663,8
6664,8
6665,3
6666,2
6667,8
6668,9
6669,4
6670,3
6671,8
6672,8
6673,4
6674,9
6675,6
6676,5
6677,8
6678,8
6679,0
6680,6
6681,3
6682,4
6683,5
6684,9
6685,8
6686,3
6687,6
6688,2
6689,3
6690,2
6691,6
6692,2
6693,4
6694,7
6695,6
6696,4
6697,3
6698,2
6699,9
6700,8
6701,4
6702,9
6703,3
6704,1
6705,2
6706,4
6707,0
6708,0
6709,8
6710,8
6711,3
6712,8
6713,2
6714,4
6715,4
6716,2
6717,3
6718,9
6719,1
6720,9
6721,4
6722,3
6723,2
6724,9
6725,1
6726,9
6727,0
6728,0
6729,5
6730,4
6731,3
6732,3
6733,3
6734,9
6735,8
6736,5
6737,6
6738,0
6739,3
6740,0
6741,2
6742,5
6743,4
6744,3
6745,7
6746,8
6747,3
6748,4
6749,1
6750,5
6751,8
6752,4
6753,0
6754,2
6755,1
6756,5
6757,4
6758,4
6759,1
6760,4
6761,2
6762,3
6763,9
6764,6
6765,7
6766,6
6767,9
6768,8
6769,8
6770,9
6771,7
6772,7
6773,7
6774,5
6775,0
6776,2
6777,1
6778,6
6779,9
6780,6
6781,6
6782,1
6783,7
6784,5
6785,1
6786,2
6787,8
6788,4
6789,3
6790,4
6791,0
6792,8
6793,7
6794,4
6795,3
6796,4
6797,3
6798,4
6799,0
6800,2
6801,7
6802,1
6803,9
6804,6
6805,7
6806,6
6807,9
6808,4
6809,9
6810,7
6811,2
6812,0
6813,9
6814,0
6815,9
6816,6
6817,1
6818,5
6819,0
6820,6
6821,2
6822,5
6823,4
6824,0
6825,8
6826,9
6827,3
6828,8
6829,5
6830,1
6831,0
6832,6
6833,2
6834,2
6835,3
6836,6
6837,7
6838,5
6839,2
6840,2
6841,6
6842,9
6843,4
6844,6
6845,1
6846,2
6847,0
6848,2
6849,0
6850,7
6851,7
6852,1
6853,0
6854,6
6855,9
6856,9
6857,8
6858,9
6859,9
6860,7
6861,3
6862,8
6863,5
6864,2
6865,0
6866,9
6867,1
6868,2
6869,8
6870,9
6871,3
6872,5
6873,9
6874,3
6875,1
6876,3
6877,3
6878,3
6879,4
6880,8
6881,5
6882,3
6883,1
6884,0
6885,1
6886,0
6887,3
6888,5
6889,2
6890,8
6891,8
6892,8
6893,5
6894,2
6895,7
6896,8
6897,0
6898,5
6899,1
6900,0
6901,8
6902,2
6903,4
6904,1
6905,5
6906,0
6907,5
6908,5
6909,7
6910,7
6911,0
6912,2
6913,0
6914,3
6915,1
6916,4
6917,8
6918,4
6919,1
6920,7
6921,6
6922,7
6923,8
6924,0
6925,6
6926,3
6927,7
6928,8
6929,7
6930,0
6931,0
6932,2
6933,6
6934,5
6935,9
6936,7
6937,3
6938,8
6939,4
6940,4
6941,2
6942,4
6943,5
6944,4
6945,1
6946,2
6947,7
6948,0
6949,3
6950,9
6951,3
6952,5
6953,1
6954,0
6955,6
6956,6
6957,2
6958,2
6959,2
6960,5
6961,1
6962,1
6963,2
6964,2
6965,7
6966,9
6967,2
6968,8
6969,3
6970,3
6971,9
6972,8
6973,2
6974,8
6975,8
6976,0
6977,6
6978,0
6979,0
6980,7
6981,3
6982,3
6983,1
6984,3
6985,3
6986,2
6987,4
6988,2
6989,8
6990,1
6991,2
6992,3
6993,0
6994,5
6995,8
6996,1
6997,8
6998,5
6999,2
7000,4
7001,4
7002,8
7003,5
7004,0
7005,4
7006,5
7007,6
7008,0
7009,7
7010,0
7011,5
7012,5
7013,3
7014,9
7015,2
7016,3
7017,3
7018,6
7019,2
7020,3
7021,4
7022,2
7023,8
7024,1
7025,3
7026,8
7027,1
7028,0
7029,5
7030,5
7031,4
7032,8
7033,9
7034,2
7035,9
7036,2
7037,1
7038,5
7039,0
7040,9
7041,5
7042,9
7043,8
7044,4
7045,1
7046,8
7047,7
7048,6
7049,8
7050,2
7051,5
7052,6
7053,9
7054,0
7055,2
7056,7
7057,1
7058,9
7059,6
7060,6
7061,2
7062,8
7063,6
7064,0
7065,5
7066,1
7067,5
7068,2
7069,9
7070,1
7071,5
7072,8
7073,2
7074,8
7075,6
7076,6
7077,5
7078,3
7079,6
7080,7
7081,0
7082,0
7083,7
7084,0
7085,6
7086,1
7087,0
7088,1
7089,6
7090,5
7091,6
7092,2
7093,1
7094,7
7095,8
7096,2
7097,6
7098,8
7099,3
7100,4
7101,0
7102,0
7103,1
7104,7
7105,3
7106,2
7107,9
7108,2
7109,0
7110,6
7111,2
7112,4
7113,2
7114,3
7115,0
7116,5
7117,4
7118,5
7119,7
7120,2
7121,1
7122,0
7123,8
7124,1
7125,5
7126,9
7127,3
7128,8
7129,9
7130,2
7131,4
7132,0
7133,5
7134,0
7135,5
7136,5
7137,6
7138,1
7139,5
7140,1
7141,9
7142,5
7143,1
7144,8
7145,3
7146,8
7147,9
7148,4
7149,7
7150,5
7151,2
7152,2
7153,4
7154,2
7155,7
7156,1
7157,3
7158,4
7159,2
7160,7
7161,3
7162,2
7163,0
7164,1
7165,6
7166,7
7167,7
7168,7
7169,4
7170,3
7171,1
7172,3
7173,3
7174,5
7175,7
7176,0
7177,9
7178,6
7179,9
7180,4
7181,4
7182,5
7183,2
7184,9
7185,1
7186,4
7187,2
7188,6
7189,7
7190,1
7191,2
7192,9
7193,0
7194,7
7195,1
7196,3
7197,3
7198,7
7199,4
7200,4
7201,4
7202,2
7203,4
7204,5
7205,2
7206,2
7207,1
7208,6
7209,2
7210,4
7211,5
7212,6
7213,2
7214,6
7215,2
7216,3
7217,5
7218,0
7219,2
7220,4
7221,1
7222,9
7223,7
7224,0
7225,3
7226,8
7227,9
7228,2
7229,3
7230,3
7231,4
7232,6
7233,7
7234,1
7235,7
7236,8
7237,7
7238,9
7239,8
7240,5
7241,3
7242,7
7243,4
7244,5
7245,7
7246,1
7247,9
7248,0
7249,0
7250,2
7251,3
7252,0
7253,3
7254,0
7255,0
7256,2
7257,8
7258,3
7259,4
7260,2
7261,4
7262,1
7263,0
7264,7
7265,1
7266,9
7267,1
7268,3
7269,9
7270,8
7271,5
7272,0
7273,6
7274,4
7275,9
7276,4
7277,0
7278,4
7279,1
7280,3
7281,6
7282,7
7283,0
7284,5
7285,9
7286,0
7287,8
7288,7
7289,0
7290,9
7291,5
7292,7
7293,5
7294,4
7295,6
7296,3
7297,6
7298,8
7299,8
7300,1
7301,6
7302,9
7303,0
7304,7
7305,4
7306,0
7307,4
7308,8
7309,4
7310,4
7311,9
7312,4
7313,7
7314,0
7315,8
7316,7
7317,8
7318,1
7319,7
7320,3
7321,7
7322,6
7323,9
7324,7
7325,4
7326,1
7327,9
7328,5
7329,2
7330,0
7331,7
7332,8
7333,6
7334,1
7335,7
7336,3
7337,1
7338,0
7339,4
7340,7
7341,6
7342,6
7343,2
7344,9
7345,5
7346,7
7347,3
7348,1
7349,0
7350,5
7351,2
7352,5
7353,3
7354,9
7355,0
7356,7
7357,7
7358,4
7359,9
7360,1
7361,3
7362,9
7363,3
7364,3
7365,8
7366,4
7367,2
7368,3
7369,5
7370,6
7371,0
7372,2
7373,3
7374,7
7375,1
7376,1
7377,1
7378,2
7379,9
7380,2
7381,0
7382,3
7383,8
7384,0
7385,5
7386,5
7387,1
7388,2
7389,7
7390,2
7391,6
7392,3
7393,5
7394,0
7395,1
7396,0
7397,6
7398,1
7399,1
7400,3
7401,8
7402,7
7403,9
7404,8
7405,8
7406,2
7407,4
7408,1
7409,8
7410,3
7411,8
7412,0
7413,8
7414,4
7415,2
7416,3
7417,5
7418,8
7419,9
7420,1
7421,9
7422,5
7423,4
7424,2
7425,0
7426,8
7427,9
7428,2
7429,8
7430,5
7431,5
7432,2
7433,3
7434,1
7435,1
7436,2
7437,5
7438,9
7439,3
7440,6
7441,9
7442,8
7443,3
7444,5
7445,2
7446,7
7447,6
7448,6
7449,1
7450,4
7451,0
7452,8
7453,4
7454,8
7455,2
7456,4
7457,6
7458,4
7459,6
7460,7
7461,8
7462,8
7463,4
7464,8
7465,8
7466,6
7467,6
7468,8
7469,2
7470,8
7471,5
7472,0
7473,4
7474,5
7475,4
7476,7
7477,6
7478,6
7479,1
7480,7
7481,4
7482,8
7483,1
7484,5
7485,1
7486,0
7487,8
7488,6
7489,2
7490,3
7491,4
7492,0
7493,6
7494,9
7495,1
7496,9
7497,2
7498,6
7499,6
7500,7
7501,3
7502,6
7503,4
7504,7
7505,4
7506,6
7507,7
7508,4
7509,1
7510,7
7511,6
7512,1
7513,8
7514,8
7515,6
7516,5
7517,7
7518,2
7519,7
7520,0
7521,4
7522,9
7523,0
7524,2
7525,3
7526,6
7527,9
7528,4
7529,3
7530,4
7531,9
7532,8
7533,3
7534,9
7535,9
7536,3
7537,3
7538,5
7539,2
7540,4
7541,3
7542,6
7543,1
7544,7
7545,2
7546,3
7547,9
7548,7
7549,3
7550,7
7551,6
7552,5
7553,8
7554,5
7555,1
7556,0
7557,9
7558,7
7559,8
7560,9
7561,8
7562,2
7563,3
7564,9
7565,8
7566,3
7567,0
7568,5
7569,2
7570,9
7571,3
7572,5
7573,1
7574,8
7575,0
7576,5
7577,3
7578,3
7579,0
7580,8
7581,3
7582,4
7583,6
7584,7
7585,9
7586,4
7587,8
7588,1
7589,6
7590,7
7591,1
7592,4
7593,0
7594,4
7595,4
7596,4
7597,4
7598,4
7599,6
7600,1
7601,2
7602,3
7603,9
7604,8
7605,9
7606,1
7607,0
7608,3
7609,8
7610,1
7611,5
7612,7
7613,7
7614,4
7615,4
7616,8
7617,3
7618,1
7619,1
7620,1
7621,2
7622,1
7623,2
7624,1
7625,3
7626,5
7627,2
7628,9
7629,6
7630,8
7631,2
7632,8
7633,8
7634,5
7635,5
7636,1
7637,0
7638,8
7639,7
7640,3
7641,0
7642,5
7643,3
7644,0
7645,1
7646,1
7647,3
7648,3
7649,8
7650,1
7651,3
7652,8
7653,7
7654,0
7655,3
7656,6
7657,9
7658,6
7659,2
7660,5
7661,7
7662,0
7663,7
7664,7
7665,4
7666,4
7667,7
7668,9
7669,8
7670,5
7671,9
7672,2
7673,3
7674,0
7675,4
7676,3
7677,8
7678,4
7679,5
7680,5
7681,4
7682,2
7683,1
7684,9
7685,9
7686,0
7687,4
7688,8
7689,8
7690,5
7691,4
7692,8
7693,9
7694,1
7695,3
7696,5
7697,0
7698,7
7699,7
7700,9
7701,4
7702,0
7703,8
7704,1
7705,5
7706,1
7707,2
7708,3
7709,3
7710,1
7711,7
7712,2
7713,0
7714,5
7715,3
7716,9
7717,6
7718,9
7719,9
7720,2
7721,2
7722,3
7723,9
7724,6
7725,5
7726,7
7727,8
7728,0
7729,2
7730,0
7731,8
7732,7
7733,2
7734,6
7735,7
7736,4
7737,6
7738,9
7739,1
7740,9
7741,1
7742,8
7743,5
7744,5
7745,3
7746,3
7747,7
7748,1
7749,5
7750,5
7751,1
7752,0
7753,6
7754,2
7755,8
7756,6
7757,6
7758,9
7759,3
7760,3
7761,5
7762,6
7763,7
7764,5
7765,5
7766,6
7767,1
7768,4
7769,8
7770,1
7771,3
7772,1
7773,4
7774,4
7775,2
7776,4
7777,8
7778,2
7779,0
7780,8
7781,7
7782,0
7783,6
7784,7
7785,1
7786,6
7787,9
7788,8
7789,9
7790,1
7791,4
7792,0
7793,3
7794,1
7795,0
7796,3
7797,0
7798,6
7799,5
7800,5
7801,2
7802,5
7803,5
7804,9
7805,4
7806,6
7807,8
7808,2
7809,3
7810,3
7811,1
7812,7
7813,8
7814,2
7815,5
7816,3
7817,9
7818,6
7819,8
7820,2
7821,9
7822,9
7823,7
7824,8
7825,0
7826,6
7827,8
7828,3
7829,7
7830,1
7831,7
7832,5
7833,5
7834,5
7835,5
7836,3
7837,1
7838,9
7839,9
7840,2
7841,3
7842,8
7843,9
7844,2
7845,5
7846,8
7847,2
7848,5
7849,0
7850,2
7851,5
7852,4
7853,9
7854,6
7855,6
7856,2
7857,3
7858,7
7859,2
7860,5
7861,4
7862,9
7863,2
7864,6
7865,1
7866,8
7867,4
7868,7
7869,1
7870,1
7871,6
7872,9
7873,9
7874,1
7875,0
7876,5
7877,8
7878,6
7879,6
7880,4
7881,5
7882,3
7883,7
7884,2
7885,1
7886,1
7887,6
7888,4
7889,5
7890,4
7891,9
7892,5
7893,9
7894,2
7895,7
7896,3
7897,5
7898,7
7899,2
7900,7
7901,2
7902,2
7903,1
7904,8
7905,8
7906,8
7907,6
7908,7
7909,8
7910,0
7911,3
7912,1
7913,0
7914,7
7915,0
7916,0
7917,9
7918,7
7919,8
7920,1
7921,1
7922,0
7923,9
7924,2
7925,0
7926,2
7927,5
7928,0
7929,1
7930,7
7931,4
7932,5
7933,0
7934,0
7935,0
7936,6
7937,6
7938,1
7939,5
7940,2
7941,6
7942,5
7943,5
7944,5
7945,4
7946,9
7947,1
7948,8
7949,2
7950,0
7951,4
7952,1
7953,7
7954,7
7955,7
7956,6
7957,0
7958,3
7959,7
7960,0
7961,4
7962,4
7963,8
7964,5
7965,5
7966,8
7967,4
7968,8
7969,2
7970,6
7971,9
7972,7
7973,4
7974,7
7975,8
7976,9
7977,7
7978,5
7979,2
7980,8
7981,4
7982,6
7983,5
7984,0
7985,7
7986,6
7987,0
7988,7
7989,2
7990,1
7991,7
7992,0
7993,7
7994,5
7995,1
7996,0
7997,5
7998,1
7999,2
8000,0
8001,8
8002,2
8003,0
8004,0
8005,5
8006,9
8007,7
8008,6
8009,4
8010,3
8011,5
8012,4
8013,7
8014,5
8015,9
8016,3
8017,2
8018,2
8019,8
8020,2
8021,9
8022,6
8023,9
8024,6
8025,3
8026,0
8027,7
8028,2
8029,2
8030,1
8031,1
8032,0
8033,1
8034,6
8035,9
8036,3
8037,8
8038,0
8039,4
8040,5
8041,2
8042,5
8043,1
8044,8
8045,6
8046,9
8047,4
8048,4
8049,0
8050,3
8051,8
8052,7
8053,1
8054,4
8055,2
8056,1
8057,7
8058,4
8059,5
8060,7
8061,3
8062,0
8063,0
8064,6
8065,1
8066,3
8067,1
8068,1
8069,2
8070,4
8071,4
8072,2
8073,7
8074,5
8075,7
8076,2
8077,0
8078,3
8079,9
8080,6
8081,8
8082,0
8083,2
8084,3
8085,0
8086,5
8087,5
8088,8
8089,7
8090,1
8091,5
8092,9
8093,6
8094,7
8095,7
8096,7
8097,5
8098,8
8099,1
8100,2
8101,8
8102,4
8103,6
8104,3
8105,8
8106,2
8107,5
8108,5
8109,7
8110,9
8111,6
8112,5
8113,8
8114,7
8115,9
8116,4
8117,3
8118,7
8119,1
8120,9
8121,3
8122,8
8123,0
8124,6
8125,4
8126,5
8127,5
8128,2
8129,7
8130,3
8131,7
8132,2
8133,1
8134,0
8135,2
8136,4
8137,7
8138,9
8139,1
8140,4
8141,1
8142,7
8143,1
8144,2
8145,4
8146,0
8147,3
8148,3
8149,6
8150,1
8151,0
8152,1
8153,6
8154,7
8155,6
8156,6
8157,9
8158,7
8159,0
8160,0
8161,3
8162,4
8163,2
8164,1
8165,1
8166,4
8167,7
8168,6
8169,0
8170,4
8171,4
8172,5
8173,9
8174,2
8175,1
8176,5
8177,9
8178,5
8179,2
8180,1
8181,4
8182,0
8183,2
8184,1
8185,6
8186,3
8187,3
8188,5
8189,4
8190,0
8191,4
8192,0
8193,4
8194,7
8195,6
8196,8
8197,5
8198,6
8199,2
8200,6
8201,5
8202,4
8203,1
8204,6
8205,4
8206,5
8207,7
8208,2
8209,7
8210,1
8211,6
8212,5
8213,7
8214,3
8215,2
8216,3
8217,9
8218,8
8219,1
8220,5
8221,8
8222,0
8223,4
8224,2
8225,2
8226,8
8227,2
8228,0
8229,1
8230,3
8231,9
8232,1
8233,9
8234,3
8235,7
8236,6
8237,9
8238,1
8239,2
8240,1
8241,4
8242,2
8243,4
8244,1
8245,3
8246,4
8247,0
8248,3
8249,8
8250,9
8251,6
8252,2
8253,0
8254,2
8255,6
8256,3
8257,5
8258,7
8259,0
8260,7
8261,6
8262,4
8263,4
8264,7
8265,9
8266,7
8267,8
8268,0
8269,8
8270,5
8271,4
8272,5
8273,9
8274,3
8275,3
8276,5
8277,7
8278,9
8279,1
8280,8
8281,2
8282,0
8283,8
8284,8
8285,9
8286,6
8287,0
8288,5
8289,6
8290,1
8291,5
8292,2
8293,8
8294,5
8295,0
8296,7
8297,0
8298,5
8299,4
8300,0
8301,4
8302,3
8303,6
8304,2
8305,4
8306,7
8307,1
8308,9
8309,4
8310,4
8311,1
8312,3
8313,3
8314,4
8315,8
8316,5
8317,2
8318,4
8319,7
8320,7
8321,6
8322,0
8323,5
8324,2
8325,5
8326,5
8327,5
8328,1
8329,9
8330,2
8331,7
8332,8
8333,4
8334,3
8335,5
8336,0
8337,9
8338,8
8339,0
8340,6
8341,6
8342,1
8343,7
8344,7
8345,1
8346,0
8347,6
8348,2
8349,3
8350,3
8351,5
8352,6
8353,0
8354,0
8355,1
8356,2
8357,7
8358,7
8359,7
8360,3
8361,6
8362,5
8363,0
8364,4
8365,0
8366,4
8367,3
8368,4
8369,6
8370,3
8371,9
8372,1
8373,6
8374,8
8375,1
8376,0
8377,4
8378,2
8379,3
8380,4
8381,2
8382,6
8383,0
8384,4
8385,3
8386,0
8387,9
8388,7
8389,6
8390,8
8391,5
8392,4
8393,9
8394,7
8395,8
8396,8
8397,4
8398,8
8399,4
8400,5
8401,2
8402,6
8403,7
8404,3
8405,2
8406,3
8407,5
8408,6
8409,0
8410,1
8411,7
8412,4
8413,6
8414,3
8415,8
8416,0
8417,4
8418,2
8419,3
8420,6
8421,9
8422,1
8423,9
8424,6
8425,7
8426,6
8427,0
8428,9
8429,6
8430,1
8431,5
8432,5
8433,4
8434,2
8435,3
8436,1
8437,4
8438,5
8439,0
8440,5
8441,8
8442,9
8443,6
8444,7
8445,4
8446,3
8447,8
8448,8
8449,6
8450,3
8451,0
8452,0
8453,1
8454,4
8455,0
8456,0
8457,6
8458,9
8459,3
8460,0
8461,7
8462,3
8463,8
8464,6
8465,8
8466,3
8467,2
8468,5
8469,5
8470,1
8471,5
8472,2
8473,7
8474,2
8475,1
8476,9
8477,8
8478,1
8479,4
8480,1
8481,4
8482,1
8483,6
8484,1
8485,7
8486,3
8487,5
8488,9
8489,7
8490,4
8491,5
8492,1
8493,3
8494,2
8495,9
8496,8
8497,7
8498,2
8499,2
8500,8
8501,1
8502,3
8503,5
8504,3
8505,6
8506,2
8507,1
8508,9
8509,2
8510,3
8511,4
8512,6
8513,4
8514,0
8515,3
8516,5
8517,9
8518,0
8519,0
8520,9
8521,0
8522,7
8523,3
8524,2
8525,0
8526,4
8527,1
8528,6
8529,1
8530,8
8531,8
8532,9
8533,5
8534,7
8535,8
8536,0
8537,7
8538,8
8539,8
8540,8
8541,6
8542,5
8543,1
8544,4
8545,6
8546,3
8547,8
8548,2
8549,9
8550,9
8551,7
8552,5
8553,0
8554,0
8555,9
8556,2
8557,7
8558,2
8559,8
8560,9
8561,6
8562,0
8563,6
8564,6
8565,6
8566,9
8567,4
8568,7
8569,3
8570,6
8571,3
8572,8
8573,3
8574,7
8575,9
8576,5
8577,7
8578,2
8579,9
8580,9
8581,9
8582,4
8583,4
8584,2
8585,6
8586,1
8587,9
8588,2
8589,4
8590,3
8591,5
8592,9
8593,0
8594,9
8595,6
8596,0
8597,3
8598,0
8599,5
8600,8
8601,5
8602,0
8603,2
8604,6
8605,8
8606,0
8607,4
8608,4
8609,8
8610,8
8611,0
8612,2
8613,9
8614,8
8615,8
8616,7
8617,0
8618,1
8619,1
8620,4
8621,3
8622,8
8623,7
8624,1
8625,8
8626,5
8627,3
8628,7
8629,8
8630,1
8631,5
8632,6
8633,2
8634,8
8635,4
8636,5
8637,7
8638,5
8639,2
8640,1
8641,0
8642,3
8643,8
8644,5
8645,0
8646,9
8647,3
8648,3
8649,3
8650,2
8651,7
8652,5
8653,2
8654,5
8655,0
8656,7
8657,4
8658,8
8659,1
8660,8
8661,1
8662,9
8663,2
8664,5
8665,3
8666,4
8667,8
8668,1
8669,5
8670,3
8671,9
8672,6
8673,1
8674,8
8675,0
8676,5
8677,3
8678,1
8679,6
8680,0
8681,3
8682,5
8683,4
8684,4
8685,0
8686,8
8687,6
8688,0
8689,5
8690,0
8691,1
8692,6
8693,5
8694,3
8695,4
8696,8
8697,2
8698,0
8699,2
8700,0
8701,7
8702,6
8703,0
8704,5
8705,1
8706,3
8707,8
8708,0
8709,9
8710,8
8711,6
8712,8
8713,3
8714,9
8715,6
8716,6
8717,3
8718,5
8719,3
8720,4
8721,6
8722,6
8723,6
8724,4
8725,4
8726,1
8727,1
8728,7
8729,4
8730,4
8731,8
8732,8
8733,2
8734,0
8735,8
8736,1
8737,8
8738,9
8739,4
8740,1
8741,5
8742,2
8743,0
8744,0
8745,1
8746,7
8747,4
8748,3
8749,6
8750,2
8751,0
8752,2
8753,0
8754,6
8755,6
8756,4
8757,8
8758,8
8759,4
8760,0
8761,5
8762,0
8763,9
8764,7
8765,6
8766,4
8767,1
8768,4
8769,9
8770,2
8771,7
8772,1
8773,0
8774,9
8775,7
8776,3
8777,7
8778,1
8779,2
8780,0
8781,3
8782,3
8783,7
8784,2
8785,6
8786,6
8787,4
8788,1
8789,9
8790,0
8791,6
8792,2
8793,2
8794,1
8795,5
8796,5
8797,2
8798,9
8799,6
8800,2
8801,5
8802,5
8803,0
8804,2
8805,7
8806,6
8807,2
8808,1
8809,2
8810,5
8811,0
8812,8
8813,7
8814,6
8815,5
8816,3
8817,3
8818,2
8819,8
8820,7
8821,4
8822,6
8823,0
8824,8
8825,4
8826,8
8827,9
8828,2
8829,5
8830,9
8831,2
8832,6
8833,8
8834,7
8835,8
8836,4
8837,0
8838,6
8839,2
8840,4
8841,6
8842,1
8843,0
8844,8
8845,0
8846,7
8847,2
8848,3
8849,1
8850,6
8851,8
8852,5
8853,8
8854,1
8855,9
8856,8
8857,3
8858,9
8859,0
8860,0
8861,1
8862,9
8863,3
8864,3
8865,4
8866,2
8867,8
8868,5
8869,7
8870,5
8871,4
8872,9
8873,1
8874,9
8875,5
8876,5
8877,6
8878,6
8879,0
8880,9
8881,7
8882,6
8883,3
8884,4
8885,7
8886,0
8887,5
8888,7
8889,4
8890,4
8891,4
8892,3
8893,8
8894,0
8895,6
8896,9
8897,0
8898,8
8899,4
8900,0
8901,5
8902,5
8903,8
8904,9
8905,3
8906,6
8907,4
8908,7
8909,0
8910,9
8911,8
8912,3
8913,2
8914,5
8915,0
8916,1
8917,4
8918,5
8919,0
8920,7
8921,8
8922,2
8923,5
8924,4
8925,2
8926,1
8927,9
8928,9
8929,8
8930,3
8931,7
8932,2
8933,3
8934,1
8935,6
8936,8
8937,4
8938,7
8939,3
8940,6
8941,2
8942,4
8943,7
8944,3
8945,3
8946,7
8947,5
8948,2
8949,4
8950,9
8951,3
8952,5
8953,9
8954,3
8955,2
8956,7
8957,3
8958,4
8959,7
8960,0
8961,3
8962,1
8963,8
8964,6
8965,3
8966,8
8967,2
8968,9
8969,3
8970,6
8971,5
8972,7
8973,7
8974,6
8975,6
8976,7
8977,7
8978,0
8979,8
8980,8
8981,7
8982,6
8983,2
8984,5
8985,8
8986,3
8987,9
8988,3
8989,5
8990,3
8991,0
8992,6
8993,5
8994,5
8995,4
8996,4
8997,4
8998,6
8999,9
9000,2
9001,1
9002,2
9003,1
9004,0
9005,6
9006,3
9007,6
9008,7
9009,0
9010,1
9011,6
9012,7
9013,0
9014,7
9015,9
9016,4
9017,3
9018,3
9019,3
9020,0
9021,2
9022,1
9023,3
9024,9
9025,2
9026,9
9027,1
9028,3
9029,2
9030,1
9031,4
9032,9
9033,0
9034,8
9035,3
9036,3
9037,5
9038,0
9039,3
9040,2
9041,6
9042,5
9043,9
9044,8
9045,9
9046,5
9047,6
9048,8
9049,0
9050,6
9051,3
9052,9
9053,5
9054,0
9055,6
9056,5
9057,7
9058,7
9059,7
9060,3
9061,5
9062,3
9063,7
9064,2
9065,0
9066,5
9067,7
9068,4
9069,4
9070,0
9071,7
9072,2
9073,5
9074,6
9075,3
9076,3
9077,0
9078,5
9079,5
9080,1
9081,0
9082,2
9083,0
9084,9
9085,5
9086,6
9087,6
9088,0
9089,8
9090,2
9091,9
9092,2
9093,1
9094,4
9095,7
9096,7
9097,8
9098,9
9099,6
9100,1
9101,2
9102,4
9103,2
9104,4
9105,7
9106,9
9107,0
9108,5
9109,0
9110,6
9111,4
9112,3
9113,3
9114,7
9115,3
9116,0
9117,0
9118,0
9119,0
9120,2
9121,1
9122,7
9123,2
9124,6
9125,2
9126,8
9127,6
9128,1
9129,9
9130,6
9131,4
9132,6
9133,6
9134,1
9135,5
9136,4
9137,3
9138,1
9139,4
9140,7
9141,3
9142,4
9143,1
9144,7
9145,3
9146,8
9147,5
9148,7
9149,4
9150,5
9151,1
9152,7
9153,2
9154,3
9155,7
9156,7
9157,0
9158,7
9159,5
9160,7
9161,0
9162,1
9163,0
9164,0
9165,1
9166,6
9167,4
9168,1
9169,1
9170,7
9171,4
9172,9
9173,4
9174,5
9175,5
9176,7
9177,4
9178,4
9179,0
9180,7
9181,8
9182,7
9183,9
9184,5
9185,7
9186,0
9187,2
9188,4
9189,7
9190,8
9191,5
9192,4
9193,3
9194,9
9195,9
9196,6
9197,6
9198,0
9199,8
9200,3
9201,2
9202,5
9203,7
9204,3
9205,0
9206,5
9207,7
9208,3
9209,3
9210,4
9211,8
9212,1
9213,9
9214,0
9215,4
9216,0
9217,9
9218,8
9219,4
9220,1
9221,7
9222,0
9223,0
9224,8
9225,2
9226,4
9227,3
9228,5
9229,7
9230,4
9231,5
9232,5
9233,5
9234,1
9235,0
9236,5
9237,9
9238,4
9239,7
9240,4
9241,5
9242,0
9243,5
9244,7
9245,8
9246,7
9247,8
9248,7
9249,2
9250,0
9251,8
9252,6
9253,5
9254,4
9255,3
9256,4
9257,5
9258,5
9259,3
9260,1
9261,4
9262,2
9263,3
9264,1
9265,8
9266,3
9267,8
9268,5
9269,4
9270,8
9271,8
9272,2
9273,2
9274,6
9275,6
9276,5
9277,6
9278,1
9279,8
9280,6
9281,9
9282,0
9283,9
9284,0
9285,5
9286,5
9287,6
9288,7
9289,4
9290,2
9291,8
9292,4
9293,9
9294,9
9295,7
9296,3
9297,7
9298,9
9299,9
9300,7
9301,6
9302,3
9303,7
9304,2
9305,3
9306,1
9307,4
9308,4
9309,7
9310,5
9311,4
9312,2
9313,8
9314,7
9315,9
9316,1
9317,3
9318,7
9319,2
9320,6
9321,1
9322,1
9323,0
9324,6
9325,0
9326,4
9327,8
9328,9
9329,8
9330,1
9331,5
9332,8
9333,6
9334,8
9335,9
9336,8
9337,6
9338,0
9339,4
9340,0
9341,4
9342,0
9343,8
9344,0
9345,4
9346,5
9347,8
9348,6
9349,7
9350,4
9351,5
9352,4
9353,3
9354,8
9355,6
9356,5
9357,5
9358,8
9359,9
9360,7
9361,1
9362,3
9363,7
9364,8
9365,0
9366,4
9367,7
9368,0
9369,1
9370,8
9371,1
9372,2
9373,5
9374,5
9375,6
9376,6
9377,7
9378,6
9379,6
9380,8
9381,3
9382,9
9383,8
9384,0
9385,6
9386,4
9387,3
9388,0
9389,9
9390,6
9391,4
9392,4
9393,9
9394,6
9395,5
9396,3
9397,8
9398,9
9399,6
9400,3
9401,2
9402,0
9403,4
9404,1
9405,4
9406,2
9407,2
9408,4
9409,3
9410,4
9411,7
9412,6
9413,2
9414,8
9415,5
9416,1
9417,2
9418,0
9419,0
9420,8
9421,9
9422,5
9423,5
9424,4
9425,5
9426,0
9427,7
9428,7
9429,4
9430,4
9431,2
9432,7
9433,9
9434,5
9435,4
9436,0
9437,6
9438,8
9439,1
9440,9
9441,6
9442,3
9443,0
9444,4
9445,0
9446,2
9447,2
9448,8
9449,3
9450,7
9451,0
9452,1
9453,5
9454,3
9455,6
9456,7
9457,1
9458,3
9459,2
9460,8
9461,3
9462,1
9463,6
9464,2
9465,0
9466,2
9467,1
9468,3
9469,3
9470,1
9471,8
9472,3
9473,2
9474,3
9475,6
9476,6
9477,4
9478,5
9479,2
9480,5
9481,4
9482,9
9483,0
9484,2
9485,7
9486,9
9487,7
9488,1
9489,5
9490,0
9491,0
9492,8
9493,8
9494,7
9495,2
9496,2
9497,1
9498,9
9499,4
9500,6
9501,7
9502,4
9503,2
9504,1
9505,5
9506,8
9507,6
9508,0
9509,7
9510,8
9511,1
9512,3
9513,6
9514,0
9515,5
9516,9
9517,6
9518,0
9519,1
9520,8
9521,8
9522,0
9523,4
9524,7
9525,9
9526,2
9527,8
9528,4
9529,4
9530,0
9531,8
9532,3
9533,9
9534,7
9535,5
9536,1
9537,4
9538,9
9539,3
9540,2
9541,3
9542,7
9543,7
9544,6
9545,4
9546,2
9547,9
9548,5
9549,8
9550,4
9551,6
9552,7
9553,8
9554,9
9555,9
9556,7
9557,2
9558,8
9559,6
9560,3
9561,1
9562,5
9563,8
9564,0
9565,3
9566,0
9567,4
9568,0
9569,0
9570,5
9571,7
9572,8
9573,7
9574,2
9575,3
9576,6
9577,7
9578,4
9579,6
9580,8
9581,7
9582,0
9583,3
9584,5
9585,7
9586,8
9587,3
9588,0
9589,6
9590,8
9591,1
9592,0
9593,5
9594,4
9595,7
9596,8
9597,5
9598,2
9599,9
9600,8
9601,3
9602,1
9603,1
9604,3
9605,9
9606,4
9607,7
9608,0
9609,2
9610,0
9611,2
9612,0
9613,9
9614,2
9615,6
9616,4
9617,6
9618,5
9619,9
9620,6
9621,1
9622,6
9623,4
9624,3
9625,9
9626,0
9627,9
9628,7
9629,8
9630,0
9631,3
9632,6
9633,9
9634,8
9635,1
9636,2
9637,9
9638,5
9639,0
9640,6
9641,7
9642,9
9643,8
9644,7
9645,7
9646,2
9647,6
9648,8
9649,0
9650,6
9651,8
9652,1
9653,1
9654,0
9655,7
9656,9
9657,2
9658,9
9659,0
9660,6
9661,3
9662,3
9663,7
9664,0
9665,7
9666,2
9667,1
9668,2
9669,0
9670,9
9671,9
9672,5
9673,0
9674,3
9675,0
9676,5
9677,5
9678,9
9679,9
9680,5
9681,3
9682,8
9683,3
9684,8
9685,2
9686,0
9687,5
9688,0
9689,1
9690,3
9691,8
9692,6
9693,9
9694,2
9695,8
9696,1
9697,1
9698,5
9699,7
9700,4
9701,5
9702,8
9703,2
9704,1
9705,7
9706,4
9707,4
9708,2
9709,0
9710,9
9711,9
9712,0
9713,7
9714,4
9715,2
9716,4
9717,8
9718,7
9719,5
9720,6
9721,0
9722,4
9723,8
9724,0
9725,9
9726,9
9727,1
9728,6
9729,2
9730,2
9731,1
9732,5
9733,6
9734,8
9735,5
9736,3
9737,3
9738,6
9739,9
9740,1
9741,3
9742,4
9743,5
9744,7
9745,5
9746,6
9747,4
9748,2
9749,1
9750,3
9751,6
9752,0
9753,4
9754,6
9755,9
9756,5
9757,8
9758,8
9759,1
9760,2
9761,4
9762,2
9763,3
9764,6
9765,5
9766,5
9767,4
9768,2
9769,0
9770,0
9771,4
9772,3
9773,6
9774,1
9775,0
9776,2
9777,1
9778,2
9779,9
9780,9
9781,0
9782,1
9783,1
9784,8
9785,8
9786,3
9787,3
9788,7
9789,6
9790,2
9791,7
9792,9
9793,3
9794,0
9795,4
9796,5
9797,0
9798,3
9799,8
9800,0
9801,9
9802,8
9803,5
9804,3
9805,8
9806,6
9807,3
9808,6
9809,1
9810,8
9811,4
9812,1
9813,2
9814,0
9815,2
9816,6
9817,7
9818,2
9819,2
9820,5
9821,7
9822,5
9823,8
9824,5
9825,3
9826,5
9827,4
9828,5
9829,7
9830,9
9831,2
9832,3
9833,6
9834,5
9835,6
9836,0
9837,6
9838,4
9839,2
9840,9
9841,0
9842,7
9843,0
9844,4
9845,6
9846,7
9847,1
9848,8
9849,3
9850,4
9851,1
9852,1
9853,7
9854,8
9855,7
9856,0
9857,1
9858,9
9859,9
9860,9
9861,3
9862,2
9863,8
9864,2
9865,7
9866,8
9867,8
9868,1
9869,3
9870,7
9871,7
9872,5
9873,3
9874,1
9875,8
9876,0
9877,1
9878,4
9879,3
9880,2
9881,9
9882,4
9883,1
9884,9
9885,5
9886,5
9887,9
9888,8
9889,4
9890,7
9891,1
9892,3
9893,4
9894,7
9895,9
9896,9
9897,8
9898,4
9899,5
9900,8
9901,2
9902,6
9903,6
9904,7
9905,4
9906,8
9907,7
9908,7
9909,6
9910,1
9911,6
9912,6
9913,4
9914,8
9915,5
9916,6
9917,7
9918,0
9919,8
9920,9
9921,4
9922,3
9923,2
9924,9
9925,0
9926,1
9927,1
9928,6
9929,2
9930,4
9931,5
9932,9
9933,5
9934,2
9935,4
9936,9
9937,4
9938,9
9939,7
9940,2
9941,8
9942,0
9943,8
9944,5
9945,7
9946,6
9947,2
9948,6
9949,8
9950,5
9951,0
9952,8
9953,4
9954,7
9955,5
9956,9
9957,2
9958,7
9959,3
9960,7
9961,1
9962,0
9963,1
9964,2
9965,1
9966,8
9967,4
9968,6
9969,9
9970,2
9971,1
9972,7
9973,3
9974,2
9975,4
9976,9
9977,4
9978,5
9979,6
9980,1
9981,0
9982,8
9983,4
9984,2
9985,0
9986,6
9987,4
9988,6
9989,9
9990,0
9991,2
9992,0
9993,6
9994,0
9995,6
9996,7
9997,0
9998,7
9999,7
